Workbook

Sheet Versie beheer
A2: datum | B2: wijziging | C2: Versie
A3: 1e helft 2025 | B3: alle variabele invoer cellen op nul gezet, gFF zekeringen toegevoegd, werkblad met OVL lengtes toegevoegd | C3: 1.0
A4: 45839 | B4: de nieuwe tabellen voor toekomstige aansluitwaarden kleinzakelijk en grootzakelijk toegevoegd op werkbladen ontwerpstroom_trafo en _kabel | C4: 2.0
A5: 45931 | B5: Per afgaande LS-kabel is er één werkblad gemaakt. De kabel lengteberekeningen zijn ook per werkblad geplaatst, zodat we één tabblad hebben per richting . De kleuren van de tabbladen komen overeen met de lijn kleuren in de SO-tekenhulp. De huidige E-aansluitwaarde wordt tezamen met de eventueel aanwezige gasaansluiting tot een E-equivalent berekend. De aantallen per kabelrichting worden automatisch gesommeerd op het trafowerkblad, waarbij de op dat netvlak van toepassing zijnde belasting- en opwekwaardes zijn verwerkt. Tevens is het OVL lengte werkblad geüpdatet. Bijstellen van de PV adoptie o.b.v. het nieuwe EV26 scenario. Correctie van de vermogens van netbewust laden. Hierbij wordt nu het vermogen tijdens de netbewust laden periode gebruikt. Onderscheid gemaakt tussen bestaande en nieuwbouw huishoudens. Behalve uiteraard de gele invoercellen zijn de werkbladen zonder wachtwoord beveiligd. | C5: 3.0
A6: 46023 | B6: Correctie van de ontwerpstromen en -vermogens van type 1 t/m type 6 door aanpassen van het uitgangspunt voor etmaal temperatuur tijdens de verbruikspiek. Opwekwaardes eigenrichting 3x100A en 3x125A verlaagd tot dezelfde waardes als belasting in case G4, G6, geen of ander gas. Onderscheiden van ontwerpstromen o.b.v. bouwjaar. | C6: 3.1

Sheet Transformator
B1: Ontwerpstroom transformator (let op: kolom A is automatische optelsom van alle afgaande kabelrichtingen)
B2: Aantal van eenheid | C2: Type wooneenheid | F2: Ontwerpstroom verbruik per eenheid | G2: Ontwerpstroom opwek per eenheid | H2: Totaal verbruik op trafoniveau in A | I2: Totaal opwek op trafoniveau in A | J2: Totaal verbruik op trafoniveau in kW | K2: Totaal opwek op trafoniveau in kW
C4: Type 1: Laagbouw huishoudens t/m bouwjaar 2021 met een individuele warmtepomp en tapwaterbuffer
B5: ='(1)'!B5+'(2)'!B5+'(3)'!B5+'(4)'!B5+'(5)'!B5+'(6)'!B5+'(7)'!B5+'(8)'!B5+'(9)'!B5+'(10)'!B5+'(11)'!B5+'(12)'!B5 | C5: Vrijstaand | F5: 7.5 | G5: 8.9 | H5: =F5*B5 | I5: =G5*B5 | J5: =F5*0.23*3*B5 | K5: =G5*0.23*3*B5
B6: ='(1)'!B6+'(2)'!B6+'(3)'!B6+'(4)'!B6+'(5)'!B6+'(6)'!B6+'(7)'!B6+'(8)'!B6+'(9)'!B6+'(10)'!B6+'(11)'!B6+'(12)'!B6 | C6: Twee onder een kap | F6: 6.3 | G6: 6.8 | H6: =F6*B6 | I6: =G6*B6 | J6: =F6*0.23*3*B6 | K6: =G6*0.23*3*B6
B7: ='(1)'!B7+'(2)'!B7+'(3)'!B7+'(4)'!B7+'(5)'!B7+'(6)'!B7+'(7)'!B7+'(8)'!B7+'(9)'!B7+'(10)'!B7+'(11)'!B7+'(12)'!B7 | C7: Rijtjeswoning (woonboten, woonwagens, chalets en vakantiehuisjes) | F7: 5.5 | G7: 5.7 | H7: =F7*B7 | I7: =G7*B7 | J7: =F7*0.23*3*B7 | K7: =G7*0.23*3*B7
B8: ='(1)'!B8+'(2)'!B8+'(3)'!B8+'(4)'!B8+'(5)'!B8+'(6)'!B8+'(7)'!B8+'(8)'!B8+'(9)'!B8+'(10)'!B8+'(11)'!B8+'(12)'!B8 | C8: Onbekend | F8: 5.9 | G8: 5.7 | H8: =F8*B8 | I8: =G8*B8 | J8: =F8*0.23*3*B8 | K8: =G8*0.23*3*B8
C10: Type 2: Laagbouw huishoudens met stads- of gasverwarming
B11: ='(1)'!B11+'(2)'!B11+'(3)'!B11+'(4)'!B11+'(5)'!B11+'(6)'!B11+'(7)'!B11+'(8)'!B11+'(9)'!B11+'(10)'!B11+'(11)'!B11+'(12)'!B11 | C11: Vrijstaand | F11: 3.9 | G11: 8.9 | H11: =F11*B11 | I11: =G11*B11 | J11: =F11*0.23*3*B11 | K11: =G11*0.23*3*B11
B12: ='(1)'!B12+'(2)'!B12+'(3)'!B12+'(4)'!B12+'(5)'!B12+'(6)'!B12+'(7)'!B12+'(8)'!B12+'(9)'!B12+'(10)'!B12+'(11)'!B12+'(12)'!B12 | C12: Twee onder een kap | F12: 3.9 | G12: 6.8 | H12: =F12*B12 | I12: =G12*B12 | J12: =F12*0.23*3*B12 | K12: =G12*0.23*3*B12
B13: ='(1)'!B13+'(2)'!B13+'(3)'!B13+'(4)'!B13+'(5)'!B13+'(6)'!B13+'(7)'!B13+'(8)'!B13+'(9)'!B13+'(10)'!B13+'(11)'!B13+'(12)'!B13 | C13: Rijtjeswoning (woonboten, woonwagens, chalets en vakantiehuisjes) | F13: 3.9 | G13: 5.7 | H13: =F13*B13 | I13: =G13*B13 | J13: =F13*0.23*3*B13 | K13: =G13*0.23*3*B13
B14: ='(1)'!B14+'(2)'!B14+'(3)'!B14+'(4)'!B14+'(5)'!B14+'(6)'!B14+'(7)'!B14+'(8)'!B14+'(9)'!B14+'(10)'!B14+'(11)'!B14+'(12)'!B14 | C14: Onbekend | F14: 3.9 | G14: 5.7 | H14: =F14*B14 | I14: =G14*B14 | J14: =F14*0.23*3*B14 | K14: =G14*0.23*3*B14
C16: Type 3: Laagbouw huishoudens vanaf bouwjaar 2022 met een individuele warmtepomp en tapwaterbuffer
B17: ='(1)'!B17+'(2)'!B17+'(3)'!B17+'(4)'!B17+'(5)'!B17+'(6)'!B17+'(7)'!B17+'(8)'!B17+'(9)'!B17+'(10)'!B17+'(11)'!B17+'(12)'!B17 | C17: Vrijstaand | F17: 7 | G17: 8.9 | H17: =F17*B17 | I17: =G17*B17 | J17: =F17*0.23*3*B17 | K17: =G17*0.23*3*B17
B18: ='(1)'!B18+'(2)'!B18+'(3)'!B18+'(4)'!B18+'(5)'!B18+'(6)'!B18+'(7)'!B18+'(8)'!B18+'(9)'!B18+'(10)'!B18+'(11)'!B18+'(12)'!B18 | C18: Twee onder een kap | F18: 5.9 | G18: 6.8 | H18: =F18*B18 | I18: =G18*B18 | J18: =F18*0.23*3*B18 | K18: =G18*0.23*3*B18
B19: ='(1)'!B19+'(2)'!B19+'(3)'!B19+'(4)'!B19+'(5)'!B19+'(6)'!B19+'(7)'!B19+'(8)'!B19+'(9)'!B19+'(10)'!B19+'(11)'!B19+'(12)'!B19 | C19: Rijtjeswoning | F19: 5.3 | G19: 5.7 | H19: =F19*B19 | I19: =G19*B19 | J19: =F19*0.23*3*B19 | K19: =G19*0.23*3*B19
B20: ='(1)'!B20+'(2)'!B20+'(3)'!B20+'(4)'!B20+'(5)'!B20+'(6)'!B20+'(7)'!B20+'(8)'!B20+'(9)'!B20+'(10)'!B20+'(11)'!B20+'(12)'!B20 | C20: Onbekend | F20: 5.6 | G20: 5.7 | H20: =F20*B20 | I20: =G20*B20 | J20: =F20*0.23*3*B20 | K20: =G20*0.23*3*B20
C22: Type 4: Hoogbouw huishoudens met collectieve warmtepomp, stads- of gasverwarming
B23: ='(1)'!B23+'(2)'!B23+'(3)'!B23+'(4)'!B23+'(5)'!B23+'(6)'!B23+'(7)'!B23+'(8)'!B23+'(9)'!B23+'(10)'!B23+'(11)'!B23+'(12)'!B23 | C23: Appartement incl. publiek laden | F23: 2.6 | H23: =F23*B23 | J23: =F23*0.23*3*B23
C24: Collectieve warmtepomp - elektrisch vermogen | H24: =J24*1000/(3*230) | J24: ='(1)'!J24+'(2)'!J24+'(3)'!J24+'(4)'!J24+'(5)'!J24+'(6)'!J24+'(7)'!J24+'(8)'!J24+'(9)'!J24+'(10)'!J24+'(11)'!J24+'(12)'!J24
N25: Toekomstige aansluitwaarden kleinzakelijk en grootverbruik:
C26: Type 5: Hoogbouw huishoudens t/m bouwjaar 2021 met een individuele warmtepomp
B27: ='(1)'!B27+'(2)'!B27+'(3)'!B27+'(4)'!B27+'(5)'!B27+'(6)'!B27+'(7)'!B27+'(8)'!B27+'(9)'!B27+'(10)'!B27+'(11)'!B27+'(12)'!B27 | C27: Appartement incl. publiek laden | F27: 4.5 | H27: =F27*B27 | J27: =F27*0.23*3*B27
C29: Type 6: Nieuwbouw hoogbouw huishoudens vanaf bouwjaar 2022 met een individuele warmtepomp
B30: ='(1)'!B30+'(2)'!B30+'(3)'!B30+'(4)'!B30+'(5)'!B30+'(6)'!B30+'(7)'!B30+'(8)'!B30+'(9)'!B30+'(10)'!B30+'(11)'!B30+'(12)'!B30 | C30: Appartement incl. publiek laden | F30: 4.2 | H30: =F30*B30 | J30: =F30*0.23*3*B30
C32: Type 7: Laag- of hoogbouw met alternatieve verwarmingscomponenten (toeslag)
C33: Aantal * elektrisch vermogen verwarmingscomponent * gelijktijdigheidsfactor tabel type 7 | H33: =J33*1000/(3*230) | J33: ='(1)'!J33+'(2)'!J33+'(3)'!J33+'(4)'!J33+'(5)'!J33+'(6)'!J33+'(7)'!J33+'(8)'!J33+'(9)'!J33+'(10)'!J33+'(11)'!J33+'(12)'!J33
C35: Type 8: Kleinzakelijk (niet-huishoudelijk t/m 3x80A)
B36: ='(1)'!B36+'(2)'!B36+'(3)'!B36+'(4)'!B36+'(5)'!B36+'(6)'!B36+'(7)'!B36+'(8)'!B36+'(9)'!B36+'(10)'!B36+'(11)'!B36+'(12)'!B36 | C36: Huidige aansluitwaarde: < 3x35A | D36: G4, G6, geen of ander gas | F36: 8.7 | G36: 8.7 | H36: =F36*B36 | I36: =G36*B36 | J36: =F36*0.23*3*B36 | K36: =G36*0.23*3*B36
B37: ='(1)'!B37+'(2)'!B37+'(3)'!B37+'(4)'!B37+'(5)'!B37+'(6)'!B37+'(7)'!B37+'(8)'!B37+'(9)'!B37+'(10)'!B37+'(11)'!B37+'(12)'!B37 | C37: Huidige aansluitwaarde: < 3x35A | D37: G10 t/m G25 | F37: 44 | G37: 44 | H37: =F37*B37 | I37: =G37*B37 | J37: =F37*0.23*3*B37 | K37: =G37*0.23*3*B37
B38: ='(1)'!B38+'(2)'!B38+'(3)'!B38+'(4)'!B38+'(5)'!B38+'(6)'!B38+'(7)'!B38+'(8)'!B38+'(9)'!B38+'(10)'!B38+'(11)'!B38+'(12)'!B38 | C38: Huidige aansluitwaarde: < 3x35A | D38: > G25 | F38: 210 | G38: 210 | H38: =F38*B38 | I38: =G38*B38 | J38: =F38*0.23*3*B38 | K38: =G38*0.23*3*B38
B39: ='(1)'!B39+'(2)'!B39+'(3)'!B39+'(4)'!B39+'(5)'!B39+'(6)'!B39+'(7)'!B39+'(8)'!B39+'(9)'!B39+'(10)'!B39+'(11)'!B39+'(12)'!B39 | C39: Huidige aansluitwaarde: 3x35A t/m 3x40A | D39: G4, G6, geen of ander gas | F39: 32 | G39: 32 | H39: =F39*B39 | I39: =G39*B39 | J39: =F39*0.23*3*B39 | K39: =G39*0.23*3*B39
B40: ='(1)'!B40+'(2)'!B40+'(3)'!B40+'(4)'!B40+'(5)'!B40+'(6)'!B40+'(7)'!B40+'(8)'!B40+'(9)'!B40+'(10)'!B40+'(11)'!B40+'(12)'!B40 | C40: Huidige aansluitwaarde: 3x35A t/m 3x40A | D40: G10 t/m G25 | F40: 65 | G40: 65 | H40: =F40*B40 | I40: =G40*B40 | J40: =F40*0.23*3*B40 | K40: =G40*0.23*3*B40
B41: ='(1)'!B41+'(2)'!B41+'(3)'!B41+'(4)'!B41+'(5)'!B41+'(6)'!B41+'(7)'!B41+'(8)'!B41+'(9)'!B41+'(10)'!B41+'(11)'!B41+'(12)'!B41 | C41: Huidige aansluitwaarde: 3x35A t/m 3x40A | D41: > G25 | F41: 210 | G41: 210 | H41: =F41*B41 | I41: =G41*B41 | J41: =F41*0.23*3*B41 | K41: =G41*0.23*3*B41
B42: ='(1)'!B42+'(2)'!B42+'(3)'!B42+'(4)'!B42+'(5)'!B42+'(6)'!B42+'(7)'!B42+'(8)'!B42+'(9)'!B42+'(10)'!B42+'(11)'!B42+'(12)'!B42 | C42: Huidige aansluitwaarde: 3x50A | D42: G4, G6, geen of ander gas | F42: 44 | G42: 44 | H42: =F42*B42 | I42: =G42*B42 | J42: =F42*0.23*3*B42 | K42: =G42*0.23*3*B42
B43: ='(1)'!B43+'(2)'!B43+'(3)'!B43+'(4)'!B43+'(5)'!B43+'(6)'!B43+'(7)'!B43+'(8)'!B43+'(9)'!B43+'(10)'!B43+'(11)'!B43+'(12)'!B43 | C43: Huidige aansluitwaarde: 3x50A | D43: G10 t/m G25 | F43: 65 | G43: 65 | H43: =F43*B43 | I43: =G43*B43 | J43: =F43*0.23*3*B43 | K43: =G43*0.23*3*B43
B44: ='(1)'!B44+'(2)'!B44+'(3)'!B44+'(4)'!B44+'(5)'!B44+'(6)'!B44+'(7)'!B44+'(8)'!B44+'(9)'!B44+'(10)'!B44+'(11)'!B44+'(12)'!B44 | C44: Huidige aansluitwaarde: 3x50A | D44: > G25 | F44: 210 | G44: 210 | H44: =F44*B44 | I44: =G44*B44 | J44: =F44*0.23*3*B44 | K44: =G44*0.23*3*B44
B45: ='(1)'!B45+'(2)'!B45+'(3)'!B45+'(4)'!B45+'(5)'!B45+'(6)'!B45+'(7)'!B45+'(8)'!B45+'(9)'!B45+'(10)'!B45+'(11)'!B45+'(12)'!B45 | C45: Huidige aansluitwaarde: 3x63A | D45: G4, G6, geen of ander gas | F45: 51 | G45: 51 | H45: =F45*B45 | I45: =G45*B45 | J45: =F45*0.23*3*B45 | K45: =G45*0.23*3*B45
B46: ='(1)'!B46+'(2)'!B46+'(3)'!B46+'(4)'!B46+'(5)'!B46+'(6)'!B46+'(7)'!B46+'(8)'!B46+'(9)'!B46+'(10)'!B46+'(11)'!B46+'(12)'!B46 | C46: Huidige aansluitwaarde: 3x63A | D46: G10 t/m G25 | F46: 138 | G46: 138 | H46: =F46*B46 | I46: =G46*B46 | J46: =F46*0.23*3*B46 | K46: =G46*0.23*3*B46
B47: ='(1)'!B47+'(2)'!B47+'(3)'!B47+'(4)'!B47+'(5)'!B47+'(6)'!B47+'(7)'!B47+'(8)'!B47+'(9)'!B47+'(10)'!B47+'(11)'!B47+'(12)'!B47 | C47: Huidige aansluitwaarde: 3x63A | D47: > G25 | F47: 210 | G47: 210 | H47: =F47*B47 | I47: =G47*B47 | J47: =F47*0.23*3*B47 | K47: =G47*0.23*3*B47
... B50: ='(1)'!B50+'(2)'!B50+'(3)'!B50+'(4)'!B50+'(5)'!B50+'(6)'!B50+'(7)'!B50+'(8)'!B50+'(9)'!B50+'(10)'!B50+'(11)'!B50+'(12)'!B50 | C50: Huidige aansluitwaarde: 3x80A | D50: > G25 | F50: 210 | G50: 210 | H50: =F50*B50 | I50: =G50*B50 | J50: =F50*0.23*3*B50 | K50: =G50*0.23*3*B50
C52: Type 9: Grootverbruik LS (eigen richting >3x80A)
B53: ='(1)'!B53+'(2)'!B53+'(3)'!B53+'(4)'!B53+'(5)'!B53+'(6)'!B53+'(7)'!B53+'(8)'!B53+'(9)'!B53+'(10)'!B53+'(11)'!B53+'(12)'!B53 | C53: Huidige aansluitwaarde: 3x100A | D53: G4, G6, geen of ander gas | F53: 85 | G53: 85 | H53: =F53*B53 | I53: =G53*B53 | J53: =F53*0.23*3*B53 | K53: =G53*0.23*3*B53
B54: ='(1)'!B54+'(2)'!B54+'(3)'!B54+'(4)'!B54+'(5)'!B54+'(6)'!B54+'(7)'!B54+'(8)'!B54+'(9)'!B54+'(10)'!B54+'(11)'!B54+'(12)'!B54 | D54: G10 t/m G25 | F54: 210 | G54: 210 | H54: =F54*B54 | I54: =G54*B54 | J54: =F54*0.23*3*B54 | K54: =G54*0.23*3*B54
B55: ='(1)'!B55+'(2)'!B55+'(3)'!B55+'(4)'!B55+'(5)'!B55+'(6)'!B55+'(7)'!B55+'(8)'!B55+'(9)'!B55+'(10)'!B55+'(11)'!B55+'(12)'!B55 | D55: > G25 | F55: 210 | G55: 210 | H55: =F55*B55 | I55: =G55*B55 | J55: =F55*0.23*3*B55 | K55: =G55*0.23*3*B55
B56: ='(1)'!B56+'(2)'!B56+'(3)'!B56+'(4)'!B56+'(5)'!B56+'(6)'!B56+'(7)'!B56+'(8)'!B56+'(9)'!B56+'(10)'!B56+'(11)'!B56+'(12)'!B56 | C56: Huidige aansluitwaarde: 3x125A | D56: G4, G6, geen of ander gas | F56: 106 | G56: 106 | H56: =F56*B56 | I56: =G56*B56 | J56: =F56*0.23*3*B56 | K56: =G56*0.23*3*B56
B57: ='(1)'!B57+'(2)'!B57+'(3)'!B57+'(4)'!B57+'(5)'!B57+'(6)'!B57+'(7)'!B57+'(8)'!B57+'(9)'!B57+'(10)'!B57+'(11)'!B57+'(12)'!B57 | D57: G10 t/m G25 | F57: 210 | G57: 210 | H57: =F57*B57 | I57: =G57*B57 | J57: =F57*0.23*3*B57 | K57: =G57*0.23*3*B57
B58: ='(1)'!B58+'(2)'!B58+'(3)'!B58+'(4)'!B58+'(5)'!B58+'(6)'!B58+'(7)'!B58+'(8)'!B58+'(9)'!B58+'(10)'!B58+'(11)'!B58+'(12)'!B58 | D58: > G25 | F58: 210 | G58: 210 | H58: =F58*B58 | I58: =G58*B58 | J58: =F58*0.23*3*B58 | K58: =G58*0.23*3*B58
B59: ='(1)'!B59+'(2)'!B59+'(3)'!B59+'(4)'!B59+'(5)'!B59+'(6)'!B59+'(7)'!B59+'(8)'!B59+'(9)'!B59+'(10)'!B59+'(11)'!B59+'(12)'!B59 | C59: Huidige aansluitwaarde: 3x160A | D59: G4, G6, geen of ander gas | F59: 138 | G59: 138 | H59: =F59*B59 | I59: =G59*B59 | J59: =F59*0.23*3*B59 | K59: =G59*0.23*3*B59
B60: ='(1)'!B60+'(2)'!B60+'(3)'!B60+'(4)'!B60+'(5)'!B60+'(6)'!B60+'(7)'!B60+'(8)'!B60+'(9)'!B60+'(10)'!B60+'(11)'!B60+'(12)'!B60 | D60: G10 t/m G25 | F60: 210 | G60: 210 | H60: =F60*B60 | I60: =G60*B60 | J60: =F60*0.23*3*B60 | K60: =G60*0.23*3*B60
B61: ='(1)'!B61+'(2)'!B61+'(3)'!B61+'(4)'!B61+'(5)'!B61+'(6)'!B61+'(7)'!B61+'(8)'!B61+'(9)'!B61+'(10)'!B61+'(11)'!B61+'(12)'!B61 | D61: > G25 | F61: 210 | G61: 210 | H61: =F61*B61 | I61: =G61*B61 | J61: =F61*0.23*3*B61 | K61: =G61*0.23*3*B61
B62: ='(1)'!B62+'(2)'!B62+'(3)'!B62+'(4)'!B62+'(5)'!B62+'(6)'!B62+'(7)'!B62+'(8)'!B62+'(9)'!B62+'(10)'!B62+'(11)'!B62+'(12)'!B62 | C62: Huidige aansluitwaarde: 3x200A | D62: G4, G6, geen of ander gas | F62: 210 | G62: 210 | H62: =F62*B62 | I62: =G62*B62 | J62: =F62*0.23*3*B62 | K62: =G62*0.23*3*B62
B63: ='(1)'!B63+'(2)'!B63+'(3)'!B63+'(4)'!B63+'(5)'!B63+'(6)'!B63+'(7)'!B63+'(8)'!B63+'(9)'!B63+'(10)'!B63+'(11)'!B63+'(12)'!B63 | D63: G10 t/m G25 | F63: 210 | G63: 210 | H63: =F63*B63 | I63: =G63*B63 | J63: =F63*0.23*3*B63 | K63: =G63*0.23*3*B63
B64: ='(1)'!B64+'(2)'!B64+'(3)'!B64+'(4)'!B64+'(5)'!B64+'(6)'!B64+'(7)'!B64+'(8)'!B64+'(9)'!B64+'(10)'!B64+'(11)'!B64+'(12)'!B64 | D64: > G25 | F64: 210 | G64: 210 | H64: =F64*B64 | I64: =G64*B64 | J64: =F64*0.23*3*B64 | K64: =G64*0.23*3*B64
B65: ='(1)'!B65+'(2)'!B65+'(3)'!B65+'(4)'!B65+'(5)'!B65+'(6)'!B65+'(7)'!B65+'(8)'!B65+'(9)'!B65+'(10)'!B65+'(11)'!B65+'(12)'!B65 | C65: Huidige aansluitwaarde: 3x250A | D65: G4, G6, geen of ander gas | F65: 210 | G65: 210 | H65: =F65*B65 | I65: =G65*B65 | J65: =F65*0.23*3*B65 | K65: =G65*0.23*3*B65
B66: ='(1)'!B66+'(2)'!B66+'(3)'!B66+'(4)'!B66+'(5)'!B66+'(6)'!B66+'(7)'!B66+'(8)'!B66+'(9)'!B66+'(10)'!B66+'(11)'!B66+'(12)'!B66 | D66: G10 t/m G25 | F66: 210 | G66: 210 | H66: =F66*B66 | I66: =G66*B66 | J66: =F66*0.23*3*B66 | K66: =G66*0.23*3*B66
B67: ='(1)'!B67+'(2)'!B67+'(3)'!B67+'(4)'!B67+'(5)'!B67+'(6)'!B67+'(7)'!B67+'(8)'!B67+'(9)'!B67+'(10)'!B67+'(11)'!B67+'(12)'!B67 | D67: > G25 | F67: 210 | G67: 210 | H67: =F67*B67 | I67: =G67*B67 | J67: =F67*0.23*3*B67 | K67: =G67*0.23*3*B67
C69: Type 10: Netbewust publiek laden
B70: ='(1)'!B70+'(2)'!B70+'(3)'!B70+'(4)'!B70+'(5)'!B70+'(6)'!B70+'(7)'!B70+'(8)'!B70+'(9)'!B70+'(10)'!B70+'(11)'!B70+'(12)'!B70 | C70: Aansluiting 3x25A | F70: 3.7 | H70: =F70*B70 | J70: =F70*0.23*3*B70
C72: Type 11: Straatmeubilair
B73: ='(1)'!B73+'(2)'!B73+'(3)'!B73+'(4)'!B73+'(5)'!B73+'(6)'!B73+'(7)'!B73+'(8)'!B73+'(9)'!B73+'(10)'!B73+'(11)'!B73+'(12)'!B73 | C73: Aansluiting 3x25A | F73: 5.8 | H73: =F73*B73 | J73: =F73*0.23*3*B73
B74: ='(1)'!B74+'(2)'!B74+'(3)'!B74+'(4)'!B74+'(5)'!B74+'(6)'!B74+'(7)'!B74+'(8)'!B74+'(9)'!B74+'(10)'!B74+'(11)'!B74+'(12)'!B74 | C74: Aansluiting 3x40A t/m 3x50A | F74: 22 | H74: =F74*B74 | J74: =F74*0.23*3*B74
B75: ='(1)'!B75+'(2)'!B75+'(3)'!B75+'(4)'!B75+'(5)'!B75+'(6)'!B75+'(7)'!B75+'(8)'!B75+'(9)'!B75+'(10)'!B75+'(11)'!B75+'(12)'!B75 | C75: Aansluiting 3x63A t/m 3x80A | F75: 36 | H75: =F75*B75 | J75: =F75*0.23*3*B75
C77: Totale benodigde trafo capaciteit voor verbruik (A) | F77: =SUM(H5:H75)
C78: Totale benodigde trafo capaciteit voor opwek (A) | F78: =SUM(I5:I67) | H78: Naam:
C79: Totale benodigde trafo capaciteit voor verbruik (kW) | F79: =SUM(J5:J75) | H79: Nummer:
C80: Totale benodigde trafo capaciteit voor opwek (kW) | F80: =SUM(K5:K67) | H80: Vermogen:
C81: Minimaal aantal benodigde netstations met een 630kVA transformator | F81: =MAX(F79:F80)/630 | H81: Installatie:

Sheet Blad1

Sheet (1)
A1: Vul alleen de | C1: vlakken in. | F1: Ontwerpstroom kabel | O1: Verschillende doorsnedes in dezelfde kabelgroep! Let op: Alleen de gele velden zijn invoervelden ! | AD1: Invoervelden
B2: Aantal van eenheid | C2: Type wooneenheid | F2: Ontwerpstroom verbruik per eenheid | G2: Ontwerpstroom opwek per eenheid | H2: Totaal verbruik op kabelniveau in A | I2: Totaal opwek op kabelniveau in A | J2: Totaal verbruik op kabelniveau in kW | K2: Totaal opwek op kabelniveau in kW | M2: Opmerkingen | O2: Evenredig verdeelde belasting over de kabel (50%), gebaseerd op tabellen 6 en 8 uit kader Eea-0205.K
O3: Er moet wel sprake zijn van zogenaamde kabelverjonging, d.w.z. de zwaardere kabels aan het begin van de kabelgroep en de dunnere kabels op het eind van de kabelgroep.
C4: Type 1: Laagbouw huishoudens t/m bouwjaar 2021 met een individuele warmtepomp en tapwaterbuffer
B5: 2 | C5: Vrijstaand | F5: 8.1 | G5: 9.2 | H5: =F5*B5 | I5: =G5*B5 | J5: =F5*0.23*3*B5 | K5: =G5*0.23*3*B5
C6: Twee onder een kap | F6: 7.1 | G6: 7 | H6: =F6*B6 | I6: =G6*B6 | J6: =F6*0.23*3*B6 | K6: =G6*0.23*3*B6
C7: Rijtjeswoning (woonboten, woonwagens, chalets en vakantiehuisjes) | F7: 6.4 | G7: 5.9 | H7: =F7*B7 | I7: =G7*B7 | J7: =F7*0.23*3*B7 | K7: =G7*0.23*3*B7
C8: Onbekend | F8: 6.8 | G8: 5.9 | H8: =F8*B8 | I8: =G8*B8 | J8: =F8*0.23*3*B8 | K8: =G8*0.23*3*B8
C10: Type 2: Laagbouw huishoudens met stads- of gasverwarming
C11: Vrijstaand | F11: 3.9 | G11: 8.9 | H11: =F11*B11 | I11: =G11*B11 | J11: =F11*0.23*3*B11 | K11: =G11*0.23*3*B11
C12: Twee onder een kap | F12: 3.9 | G12: 6.8 | H12: =F12*B12 | I12: =G12*B12 | J12: =F12*0.23*3*B12 | K12: =G12*0.23*3*B12 | O12: ontwerpstroom | W12: t/m 57A | X12: t/m 72A | Y12: t/m 90A | Z12: t/m 113A | AA12: t/m 144A | AB12: t/m 180A | AC12: t/m 225A
C13: Rijtjeswoning (woonboten, woonwagens, chalets en vakantiehuisjes) | F13: 3.9 | G13: 5.7 | H13: =F13*B13 | I13: =G13*B13 | J13: =F13*0.23*3*B13 | K13: =G13*0.23*3*B13 | O13: smeltveiligheid Inom | W13: 63A | X13: 80A | Y13: 100A | Z13: 125A | AA13: 160A | AB13: 200A | AC13: 250A | AD13: invoer
C14: Onbekend | F14: 3.9 | G14: 5.7 | H14: =F14*B14 | I14: =G14*B14 | J14: =F14*0.23*3*B14 | K14: =G14*0.23*3*B14 | P14: waarden per 1000m | S14: waarden o.b.v. kabellengte | W14: 63 | X14: 80 | Y14: 100 | Z14: 125 | AA14: 160 | AB14: 200 | AC14: 250 | AD14: kabellengtes
P15: ohm | Q15: ohm | R15: ohm | S15: ohm | T15: ohm | U15: ohm | V15: A | W15: ohm | X15: ohm | Y15: ohm | Z15: ohm | AA15: ohm | AB15: ohm | AC15: ohm | AD15: per doorsnede
C16: Type 3: Laagbouw huishoudens vanaf bouwjaar 2022 met een individuele warmtepomp en tapwaterbuffer | W16: 0.25 | X16: 0.25 | Y16: 0.204 | Z16: 0.163 | AA16: 0.128 | AB16: 0.092 | AC16: 0.062
C17: Vrijstaand | F17: 7.54 | G17: 9.2 | H17: =F17*B17 | I17: =G17*B17 | J17: =F17*0.23*3*B17 | K17: =G17*0.23*3*B17 | O17: Name | P17: R | Q17: X | R17: Z (berekend) | S17: R | T17: X | U17: Z (berekend) | W17: 0.25 | X17: 0.25 | Y17: 0.25 | Z17: 0.25 | AA17: 0.25 | AB17: 0.218 | AC17: 0.171 | AD17: in meters | AI17: hulptabel
C18: Twee onder een kap | F18: 6.8 | G18: 7 | H18: =F18*B18 | I18: =G18*B18 | J18: =F18*0.23*3*B18 | K18: =G18*0.23*3*B18 | O18: 4*240mm2 Al | P18: 0.129 | Q18: 0.073 | R18: =SQRT(P18^2+Q18^2) | S18: =+P18*AD18/1000 | T18: =+AD18*Q18/1000 | V18: 359 | W18: =IF(W14<=V18+3,+AD18,"X") | X18: =IF(X14<=V18+3,+AD18,"X") | Y18: =IF(Y14<=V18+3,+AD18,"X") | Z18: =IF(Z14<=V18+3,+AD18,"X") | AA18: =IF(AA14<=V18+3,+AD18,"X") | AB18: =IF(AB14<=V18+3,+AD18,"X") | AC18: =IF(AC14<=V18+3,+AD18,"X") | AE18: 4*240mm2 Al | AG18: =IF(OR(W18=AD18,AND(AD18=0,W18="X")),"OK","niet OK") | AH18: =IF(OR(X18=AD18,AND(AD18=0,X18="X")),"OK","niet OK") | AI18: =IF(OR(Y18=AD18,AND(AD18=0,Y18="X")),"OK","niet OK") | AJ18: =IF(OR(Z18=AD18,AND(AD18=0,Z18="X")),"OK","niet OK") | AK18: =IF(OR(AA18=AD18,AND(AD18=0,AA18="X")),"OK","niet OK") | AL18: =IF(OR(AB18=AD18,AND(AD18=0,AB18="X")),"OK","niet OK") | AM18: =IF(OR(AC18=AD18,AND(AD18=0,AC18="X")),"OK","niet OK")
C19: Rijtjeswoning | F19: 6.3 | G19: 5.9 | H19: =F19*B19 | I19: =G19*B19 | J19: =F19*0.23*3*B19 | K19: =G19*0.23*3*B19 | O19: 4*150mm2 Al | P19: 0.206 | Q19: 0.079 | R19: =SQRT(P19^2+Q19^2) | S19: =+P19*AD19/1000 | T19: =+AD19*Q19/1000 | V19: 272 | W19: =IF(W14<=V19+3,+AD19,"X") | X19: =IF(X14<=V19+3,+AD19,"X") | Y19: =IF(Y14<=V19+3,+AD19,"X") | Z19: =IF(Z14<=V19+3,+AD19,"X") | AA19: =IF(AA14<=V19+3,+AD19,"X") | AB19: =IF(AB14<=V19+3,+AD19,"X") | AC19: =IF(AC14<=V19+3,+AD19,"X") | AD19: 100 | AE19: 4*150mm2 Al | AG19: =IF(OR(W19=AD19,AND(AD19=0,W19="X")),"OK","niet OK") | AH19: =IF(OR(X19=AD19,AND(AD19=0,X19="X")),"OK","niet OK") | AI19: =IF(OR(Y19=AD19,AND(AD19=0,Y19="X")),"OK","niet OK") | AJ19: =IF(OR(Z19=AD19,AND(AD19=0,Z19="X")),"OK","niet OK") | AK19: =IF(OR(AA19=AD19,AND(AD19=0,AA19="X")),"OK","niet OK") | AL19: =IF(OR(AB19=AD19,AND(AD19=0,AB19="X")),"OK","niet OK") | AM19: =IF(OR(AC19=AD19,AND(AD19=0,AC19="X")),"OK","niet OK")
C20: Onbekend | F20: 6.4 | G20: 5.9 | H20: =F20*B20 | I20: =G20*B20 | J20: =F20*0.23*3*B20 | K20: =G20*0.23*3*B20 | O20: 4*120mm2 Al | P20: 0.281 | Q20: 0.081 | R20: =SQRT(P20^2+Q20^2) | S20: =+P20*AD20/1000 | T20: =+AD20*Q20/1000 | V20: 243 | W20: =IF(W14<=V20+3,+AD20,"X") | X20: =IF(X14<=V20+3,+AD20,"X") | Y20: =IF(Y14<=V20+3,+AD20,"X") | Z20: =IF(Z14<=V20+3,+AD20,"X") | AA20: =IF(AA14<=V20+3,+AD20,"X") | AB20: =IF(AB14<=V20+3,+AD20,"X") | AC20: =IF(AC14<=V20+3,+AD20,"X") | AE20: 4*120mm2 Al | AG20: =IF(OR(W20=AD20,AND(AD20=0,W20="X")),"OK","niet OK") | AH20: =IF(OR(X20=AD20,AND(AD20=0,X20="X")),"OK","niet OK") | AI20: =IF(OR(Y20=AD20,AND(AD20=0,Y20="X")),"OK","niet OK") | AJ20: =IF(OR(Z20=AD20,AND(AD20=0,Z20="X")),"OK","niet OK") | AK20: =IF(OR(AA20=AD20,AND(AD20=0,AA20="X")),"OK","niet OK") | AL20: =IF(OR(AB20=AD20,AND(AD20=0,AB20="X")),"OK","niet OK") | AM20: =IF(OR(AC20=AD20,AND(AD20=0,AC20="X")),"OK","niet OK")
O21: 4*95mm2 Al | P21: 0.32 | Q21: 0.082 | R21: =SQRT(P21^2+Q21^2) | S21: =+P21*AD21/1000 | T21: =+AD21*Q21/1000 | V21: 213 | W21: =IF(W14<=V21+3,+AD21,"X") | X21: =IF(X14<=V21+3,+AD21,"X") | Y21: =IF(Y14<=V21+3,+AD21,"X") | Z21: =IF(Z14<=V21+3,+AD21,"X") | AA21: =IF(AA14<=V21+3,+AD21,"X") | AB21: =IF(AB14<=V21+3,+AD21,"X") | AC21: =IF(AC14<=V21+3,+AD21,"X") | AE21: 4*95mm2 Al | AG21: =IF(OR(W21=AD21,AND(AD21=0,W21="X")),"OK","niet OK") | AH21: =IF(OR(X21=AD21,AND(AD21=0,X21="X")),"OK","niet OK") | AI21: =IF(OR(Y21=AD21,AND(AD21=0,Y21="X")),"OK","niet OK") | AJ21: =IF(OR(Z21=AD21,AND(AD21=0,Z21="X")),"OK","niet OK") | AK21: =IF(OR(AA21=AD21,AND(AD21=0,AA21="X")),"OK","niet OK") | AL21: =IF(OR(AB21=AD21,AND(AD21=0,AB21="X")),"OK","niet OK") | AM21: =IF(OR(AC21=AD21,AND(AD21=0,AC21="X")),"OK","niet OK")
C22: Type 4: Hoogbouw huishoudens met collectieve warmtepomp, stads- of gasverwarming | O22: 4*70mm2 Al | P22: 0.443 | Q22: =(Q21+Q23)/2 | R22: =SQRT(P22^2+Q22^2) | S22: =+P22*AD22/1000 | T22: =+AD22*Q22/1000 | V22: 177 | W22: =IF(W14<=V22+3,+AD22,"X") | X22: =IF(X14<=V22+3,+AD22,"X") | Y22: =IF(Y14<=V22+3,+AD22,"X") | Z22: =IF(Z14<=V22+3,+AD22,"X") | AA22: =IF(AA14<=V22+3,+AD22,"X") | AB22: =IF(AB14<=V22+3,+AD22,"X") | AC22: =IF(AC14<=V22+3,+AD22,"X") | AE22: 4*70mm2 Al | AG22: =IF(OR(W22=AD22,AND(AD22=0,W22="X")),"OK","niet OK") | AH22: =IF(OR(X22=AD22,AND(AD22=0,X22="X")),"OK","niet OK") | AI22: =IF(OR(Y22=AD22,AND(AD22=0,Y22="X")),"OK","niet OK") | AJ22: =IF(OR(Z22=AD22,AND(AD22=0,Z22="X")),"OK","niet OK") | AK22: =IF(OR(AA22=AD22,AND(AD22=0,AA22="X")),"OK","niet OK") | AL22: =IF(OR(AB22=AD22,AND(AD22=0,AB22="X")),"OK","niet OK") | AM22: =IF(OR(AC22=AD22,AND(AD22=0,AC22="X")),"OK","niet OK")
C23: Appartement incl. publiek laden | F23: 3.4 | H23: =F23*B23 | J23: =F23*0.23*3*B23 | O23: 4*50mm2 Al | P23: 0.641 | Q23: 0.085 | R23: =SQRT(P23^2+Q23^2) | S23: =+P23*AD23/1000 | T23: =+AD23*Q23/1000 | V23: 144 | W23: =IF(W14<=V23+3,+AD23,"X") | X23: =IF(X14<=V23+3,+AD23,"X") | Y23: =IF(Y14<=V23+3,+AD23,"X") | Z23: =IF(Z14<=V23+3,+AD23,"X") | AA23: =IF(AA14<=V23+3,+AD23,"X") | AB23: =IF(AB14<=V23+3,+AD23,"X") | AC23: =IF(AC14<=V23+3,+AD23,"X") | AE23: 4*50mm2 Al | AG23: =IF(OR(W23=AD23,AND(AD23=0,W23="X")),"OK","niet OK") | AH23: =IF(OR(X23=AD23,AND(AD23=0,X23="X")),"OK","niet OK") | AI23: =IF(OR(Y23=AD23,AND(AD23=0,Y23="X")),"OK","niet OK") | AJ23: =IF(OR(Z23=AD23,AND(AD23=0,Z23="X")),"OK","niet OK") | AK23: =IF(OR(AA23=AD23,AND(AD23=0,AA23="X")),"OK","niet OK") | AL23: =IF(OR(AB23=AD23,AND(AD23=0,AB23="X")),"OK","niet OK") | AM23: =IF(OR(AC23=AD23,AND(AD23=0,AC23="X")),"OK","niet OK")
C24: Collectieve warmtepomp - elektrisch vermogen | H24: =J24*1000/(3*230) | J24: 0 | O24: 4*35mm2 Al | P24: 0.868 | Q24: 0.101 | R24: =SQRT(P24^2+Q24^2) | S24: =+P24*AD24/1000 | T24: =+AD24*Q24/1000 | V24: 120 | W24: =IF(W14<=V24+3,+AD24,"X") | X24: =IF(X14<=V24+3,+AD24,"X") | Y24: =IF(Y14<=V24+3,+AD24,"X") | Z24: =IF(Z14<=V24+3,+AD24,"X") | AA24: =IF(AA14<=V24+3,+AD24,"X") | AB24: =IF(AB14<=V24+3,+AD24,"X") | AC24: =IF(AC14<=V24+3,+AD24,"X") | AE24: 4*35mm2 Al | AG24: =IF(OR(W24=AD24,AND(AD24=0,W24="X")),"OK","niet OK") | AH24: =IF(OR(X24=AD24,AND(AD24=0,X24="X")),"OK","niet OK") | AI24: =IF(OR(Y24=AD24,AND(AD24=0,Y24="X")),"OK","niet OK") | AJ24: =IF(OR(Z24=AD24,AND(AD24=0,Z24="X")),"OK","niet OK") | AK24: =IF(OR(AA24=AD24,AND(AD24=0,AA24="X")),"OK","niet OK") | AL24: =IF(OR(AB24=AD24,AND(AD24=0,AB24="X")),"OK","niet OK") | AM24: =IF(OR(AC24=AD24,AND(AD24=0,AC24="X")),"OK","niet OK")
O25: 4*25mm2 Al | P25: 1.2 | Q25: 0.094 | R25: =SQRT(P25^2+Q25^2) | S25: =+P25*AD25/1000 | T25: =+AD25*Q25/1000 | V25: 100 | W25: =IF(W14<=V25+3,+AD25,"X") | X25: =IF(X14<=V25+3,+AD25,"X") | Y25: =IF(Y14<=V25+3,+AD25,"X") | Z25: =IF(Z14<=V25+3,+AD25,"X") | AA25: =IF(AA14<=V25+3,+AD25,"X") | AB25: =IF(AB14<=V25+3,+AD25,"X") | AC25: =IF(AC14<=V25+3,+AD25,"X") | AE25: 4*25mm2 Al | AG25: =IF(OR(W25=AD25,AND(AD25=0,W25="X")),"OK","niet OK") | AH25: =IF(OR(X25=AD25,AND(AD25=0,X25="X")),"OK","niet OK") | AI25: =IF(OR(Y25=AD25,AND(AD25=0,Y25="X")),"OK","niet OK") | AJ25: =IF(OR(Z25=AD25,AND(AD25=0,Z25="X")),"OK","niet OK") | AK25: =IF(OR(AA25=AD25,AND(AD25=0,AA25="X")),"OK","niet OK") | AL25: =IF(OR(AB25=AD25,AND(AD25=0,AB25="X")),"OK","niet OK") | AM25: =IF(OR(AC25=AD25,AND(AD25=0,AC25="X")),"OK","niet OK")
C26: Type 5: Hoogbouw huishoudens t/m bouwjaar 2021 met een individuele warmtepomp | O26: 4*16mm2 Al | P26: 1.91 | Q26: 0.096 | R26: =SQRT(P26^2+Q26^2) | S26: =+P26*AD26/1000 | T26: =+AD26*Q26/1000 | V26: 78 | W26: =IF(W14<=V26+3,+AD26,"X") | X26: =IF(X14<=V26+3,+AD26,"X") | Y26: =IF(Y14<=V26+3,+AD26,"X") | Z26: =IF(Z14<=V26+3,+AD26,"X") | AA26: =IF(AA14<=V26+3,+AD26,"X") | AB26: =IF(AB14<=V26+3,+AD26,"X") | AC26: =IF(AC14<=V26+3,+AD26,"X") | AE26: 4*16mm2 Al | AG26: =IF(OR(W26=AD26,AND(AD26=0,W26="X")),"OK","niet OK") | AH26: =IF(OR(X26=AD26,AND(AD26=0,X26="X")),"OK","niet OK") | AI26: =IF(OR(Y26=AD26,AND(AD26=0,Y26="X")),"OK","niet OK") | AJ26: =IF(OR(Z26=AD26,AND(AD26=0,Z26="X")),"OK","niet OK") | AK26: =IF(OR(AA26=AD26,AND(AD26=0,AA26="X")),"OK","niet OK") | AL26: =IF(OR(AB26=AD26,AND(AD26=0,AB26="X")),"OK","niet OK") | AM26: =IF(OR(AC26=AD26,AND(AD26=0,AC26="X")),"OK","niet OK")
C27: Appartement incl. publiek laden | F27: 5.4 | H27: =F27*B27 | J27: =F27*0.23*3*B27
O28: 4*185mm2 Cu | P28: 0.107 | Q28: 0.068 | R28: =SQRT(P28^2+Q28^2) | S28: =+P28*AD28/1000 | T28: =+AD28*Q28/1000 | V28: 393 | W28: =IF(W14<=V28+3,+AD28,"X") | X28: =IF(X14<=V28+3,+AD28,"X") | Y28: =IF(Y14<=V28+3,+AD28,"X") | Z28: =IF(Z14<=V28+3,+AD28,"X") | AA28: =IF(AA14<=V28+3,+AD28,"X") | AB28: =IF(AB14<=V28+3,+AD28,"X") | AC28: =IF(AC14<=V28+3,+AD28,"X") | AE28: 4*185mm2 Cu | AG28: =IF(OR(W28=AD28,AND(AD28=0,W28="X")),"OK","niet OK") | AH28: =IF(OR(X28=AD28,AND(AD28=0,X28="X")),"OK","niet OK") | AI28: =IF(OR(Y28=AD28,AND(AD28=0,Y28="X")),"OK","niet OK") | AJ28: =IF(OR(Z28=AD28,AND(AD28=0,Z28="X")),"OK","niet OK") | AK28: =IF(OR(AA28=AD28,AND(AD28=0,AA28="X")),"OK","niet OK") | AL28: =IF(OR(AB28=AD28,AND(AD28=0,AB28="X")),"OK","niet OK") | AM28: =IF(OR(AC28=AD28,AND(AD28=0,AC28="X")),"OK","niet OK")
C29: Type 6: Nieuwbouw hoogbouw huishoudens vanaf bouwjaar 2022 met een individuele warmtepomp | O29: 4*150mm2 Cu | P29: 0.125 | Q29: 0.068 | R29: =SQRT(P29^2+Q29^2) | S29: =+P29*AD29/1000 | T29: =+AD29*Q29/1000 | V29: 348 | W29: =IF(W14<=V29+3,+AD29,"X") | X29: =IF(X14<=V29+3,+AD29,"X") | Y29: =IF(Y14<=V29+3,+AD29,"X") | Z29: =IF(Z14<=V29+3,+AD29,"X") | AA29: =IF(AA14<=V29+3,+AD29,"X") | AB29: =IF(AB14<=V29+3,+AD29,"X") | AC29: =IF(AC14<=V29+3,+AD29,"X") | AE29: 4*150mm2 Cu | AG29: =IF(OR(W29=AD29,AND(AD29=0,W29="X")),"OK","niet OK") | AH29: =IF(OR(X29=AD29,AND(AD29=0,X29="X")),"OK","niet OK") | AI29: =IF(OR(Y29=AD29,AND(AD29=0,Y29="X")),"OK","niet OK") | AJ29: =IF(OR(Z29=AD29,AND(AD29=0,Z29="X")),"OK","niet OK") | AK29: =IF(OR(AA29=AD29,AND(AD29=0,AA29="X")),"OK","niet OK") | AL29: =IF(OR(AB29=AD29,AND(AD29=0,AB29="X")),"OK","niet OK") | AM29: =IF(OR(AC29=AD29,AND(AD29=0,AC29="X")),"OK","niet OK")
C30: Appartement incl. publiek laden | F30: 5.1 | H30: =F30*B30 | J30: =F30*0.23*3*B30 | O30: 4*120mm2 Cu | P30: 0.152 | Q30: 0.069 | R30: 0.16692813 | S30: =+P30*AD30/1000 | T30: =+AD30*Q30/1000 | V30: 307 | W30: =IF(W14<=V30+3,+AD30,"X") | X30: =IF(X14<=V30+3,+AD30,"X") | Y30: =IF(Y14<=V30+3,+AD30,"X") | Z30: =IF(Z14<=V30+3,+AD30,"X") | AA30: =IF(AA14<=V30+3,+AD30,"X") | AB30: =IF(AB14<=V30+3,+AD30,"X") | AC30: =IF(AC14<=V30+3,+AD30,"X") | AE30: 4*120mm2 Cu | AG30: =IF(OR(W30=AD30,AND(AD30=0,W30="X")),"OK","niet OK") | AH30: =IF(OR(X30=AD30,AND(AD30=0,X30="X")),"OK","niet OK") | AI30: =IF(OR(Y30=AD30,AND(AD30=0,Y30="X")),"OK","niet OK") | AJ30: =IF(OR(Z30=AD30,AND(AD30=0,Z30="X")),"OK","niet OK") | AK30: =IF(OR(AA30=AD30,AND(AD30=0,AA30="X")),"OK","niet OK") | AL30: =IF(OR(AB30=AD30,AND(AD30=0,AB30="X")),"OK","niet OK") | AM30: =IF(OR(AC30=AD30,AND(AD30=0,AC30="X")),"OK","niet OK")
O31: 4*95mm2 Cu | P31: 0.194 | Q31: 0.069 | R31: =SQRT(P31^2+Q31^2) | S31: =+P31*AD31/1000 | T31: =+AD31*Q31/1000 | V31: 272 | W31: =IF(W14<=V31+3,+AD31,"X") | X31: =IF(X14<=V31+3,+AD31,"X") | Y31: =IF(Y14<=V31+3,+AD31,"X") | Z31: =IF(Z14<=V31+3,+AD31,"X") | AA31: =IF(AA14<=V31+3,+AD31,"X") | AB31: =IF(AB14<=V31+3,+AD31,"X") | AC31: =IF(AC14<=V31+3,+AD31,"X") | AE31: 4*95mm2 Cu | AG31: =IF(OR(W31=AD31,AND(AD31=0,W31="X")),"OK","niet OK") | AH31: =IF(OR(X31=AD31,AND(AD31=0,X31="X")),"OK","niet OK") | AI31: =IF(OR(Y31=AD31,AND(AD31=0,Y31="X")),"OK","niet OK") | AJ31: =IF(OR(Z31=AD31,AND(AD31=0,Z31="X")),"OK","niet OK") | AK31: =IF(OR(AA31=AD31,AND(AD31=0,AA31="X")),"OK","niet OK") | AL31: =IF(OR(AB31=AD31,AND(AD31=0,AB31="X")),"OK","niet OK") | AM31: =IF(OR(AC31=AD31,AND(AD31=0,AC31="X")),"OK","niet OK")
C32: Type 7: Laag- of hoogbouw met alternatieve verwarmingscomponenten (toeslag) | O32: 4*70mm2 Cu | P32: 0.268 | Q32: 0.072 | R32: =SQRT(P32^2+Q32^2) | S32: =+P32*AD32/1000 | T32: =+AD32*Q32/1000 | V32: 227 | W32: =IF(W14<=V32+3,+AD32,"X") | X32: =IF(X14<=V32+3,+AD32,"X") | Y32: =IF(Y14<=V32+3,+AD32,"X") | Z32: =IF(Z14<=V32+3,+AD32,"X") | AA32: =IF(AA14<=V32+3,+AD32,"X") | AB32: =IF(AB14<=V32+3,+AD32,"X") | AC32: =IF(AC14<=V32+3,+AD32,"X") | AE32: 4*70mm2 Cu | AG32: =IF(OR(W32=AD32,AND(AD32=0,W32="X")),"OK","niet OK") | AH32: =IF(OR(X32=AD32,AND(AD32=0,X32="X")),"OK","niet OK") | AI32: =IF(OR(Y32=AD32,AND(AD32=0,Y32="X")),"OK","niet OK") | AJ32: =IF(OR(Z32=AD32,AND(AD32=0,Z32="X")),"OK","niet OK") | AK32: =IF(OR(AA32=AD32,AND(AD32=0,AA32="X")),"OK","niet OK") | AL32: =IF(OR(AB32=AD32,AND(AD32=0,AB32="X")),"OK","niet OK") | AM32: =IF(OR(AC32=AD32,AND(AD32=0,AC32="X")),"OK","niet OK")
C33: Aantal * elektrisch vermogen verwarmingscomponent * gelijktijdigheidsfactor tabel type 7 | H33: =J33*1000/(3*230) | O33: 4*50mm2 Cu | P33: 0.387 | Q33: 0.085 | R33: =SQRT(P33^2+Q33^2) | S33: =+P33*AD33/1000 | T33: =+AD33*Q33/1000 | V33: 182 | W33: =IF(W14<=V33+3,+AD33,"X") | X33: =IF(X14<=V33+3,+AD33,"X") | Y33: =IF(Y14<=V33+3,+AD33,"X") | Z33: =IF(Z14<=V33+3,+AD33,"X") | AA33: =IF(AA14<=V33+3,+AD33,"X") | AB33: =IF(AB14<=V33+3,+AD33,"X") | AC33: =IF(AC14<=V33+3,+AD33,"X") | AE33: 4*50mm2 Cu | AG33: =IF(OR(W33=AD33,AND(AD33=0,W33="X")),"OK","niet OK") | AH33: =IF(OR(X33=AD33,AND(AD33=0,X33="X")),"OK","niet OK") | AI33: =IF(OR(Y33=AD33,AND(AD33=0,Y33="X")),"OK","niet OK") | AJ33: =IF(OR(Z33=AD33,AND(AD33=0,Z33="X")),"OK","niet OK") | AK33: =IF(OR(AA33=AD33,AND(AD33=0,AA33="X")),"OK","niet OK") | AL33: =IF(OR(AB33=AD33,AND(AD33=0,AB33="X")),"OK","niet OK") | AM33: =IF(OR(AC33=AD33,AND(AD33=0,AC33="X")),"OK","niet OK")
O34: 4*35mm2 Cu | P34: 0.524 | Q34: 0.1 | R34: =SQRT(P34^2+Q34^2) | S34: =+P34*AD34/1000 | T34: =+AD34*Q34/1000 | V34: 154 | W34: =IF(W14<=V34+3,+AD34,"X") | X34: =IF(X14<=V34+3,+AD34,"X") | Y34: =IF(Y14<=V34+3,+AD34,"X") | Z34: =IF(Z14<=V34+3,+AD34,"X") | AA34: =IF(AA14<=V34+3,+AD34,"X") | AB34: =IF(AB14<=V34+3,+AD34,"X") | AC34: =IF(AC14<=V34+3,+AD34,"X") | AE34: 4*35mm2 Cu | AG34: =IF(OR(W34=AD34,AND(AD34=0,W34="X")),"OK","niet OK") | AH34: =IF(OR(X34=AD34,AND(AD34=0,X34="X")),"OK","niet OK") | AI34: =IF(OR(Y34=AD34,AND(AD34=0,Y34="X")),"OK","niet OK") | AJ34: =IF(OR(Z34=AD34,AND(AD34=0,Z34="X")),"OK","niet OK") | AK34: =IF(OR(AA34=AD34,AND(AD34=0,AA34="X")),"OK","niet OK") | AL34: =IF(OR(AB34=AD34,AND(AD34=0,AB34="X")),"OK","niet OK") | AM34: =IF(OR(AC34=AD34,AND(AD34=0,AC34="X")),"OK","niet OK")
C35: Type 8: Kleinzakelijk (niet-huishoudelijk t/m 3x80A) | O35: 4*25mm2 Cu | P35: 0.727 | Q35: 0.094 | R35: =SQRT(P35^2+Q35^2) | S35: =+P35*AD35/1000 | T35: =+AD35*Q35/1000 | V35: 128 | W35: =IF(W14<=V35+3,+AD35,"X") | X35: =IF(X14<=V35+3,+AD35,"X") | Y35: =IF(Y14<=V35+3,+AD35,"X") | Z35: =IF(Z14<=V35+3,+AD35,"X") | AA35: =IF(AA14<=V35+3,+AD35,"X") | AB35: =IF(AB14<=V35+3,+AD35,"X") | AC35: =IF(AC14<=V35+3,+AD35,"X") | AE35: 4*25mm2 Cu | AG35: =IF(OR(W35=AD35,AND(AD35=0,W35="X")),"OK","niet OK") | AH35: =IF(OR(X35=AD35,AND(AD35=0,X35="X")),"OK","niet OK") | AI35: =IF(OR(Y35=AD35,AND(AD35=0,Y35="X")),"OK","niet OK") | AJ35: =IF(OR(Z35=AD35,AND(AD35=0,Z35="X")),"OK","niet OK") | AK35: =IF(OR(AA35=AD35,AND(AD35=0,AA35="X")),"OK","niet OK") | AL35: =IF(OR(AB35=AD35,AND(AD35=0,AB35="X")),"OK","niet OK") | AM35: =IF(OR(AC35=AD35,AND(AD35=0,AC35="X")),"OK","niet OK")
C36: Huidige aansluitwaarde: < 3x35A | D36: G4, G6, geen of ander gas | F36: 8.7 | G36: 8.7 | H36: =F36*B36 | I36: =G36*B36 | J36: =F36*0.23*3*B36 | K36: =G36*0.23*3*B36 | O36: 4*16mm2 Cu | P36: 1.15 | Q36: 0.097 | R36: =SQRT(P36^2+Q36^2) | S36: =+P36*AD36/1000 | T36: =+AD36*Q36/1000 | V36: 99 | W36: =IF(W14<=V36+3,+AD36,"X") | X36: =IF(X14<=V36+3,+AD36,"X") | Y36: =IF(Y14<=V36+3,+AD36,"X") | Z36: =IF(Z14<=V36+3,+AD36,"X") | AA36: =IF(AA14<=V36+3,+AD36,"X") | AB36: =IF(AB14<=V36+3,+AD36,"X") | AC36: =IF(AC14<=V36+3,+AD36,"X") | AE36: 4*16mm2 Cu | AG36: =IF(OR(W36=AD36,AND(AD36=0,W36="X")),"OK","niet OK") | AH36: =IF(OR(X36=AD36,AND(AD36=0,X36="X")),"OK","niet OK") | AI36: =IF(OR(Y36=AD36,AND(AD36=0,Y36="X")),"OK","niet OK") | AJ36: =IF(OR(Z36=AD36,AND(AD36=0,Z36="X")),"OK","niet OK") | AK36: =IF(OR(AA36=AD36,AND(AD36=0,AA36="X")),"OK","niet OK") | AL36: =IF(OR(AB36=AD36,AND(AD36=0,AB36="X")),"OK","niet OK") | AM36: =IF(OR(AC36=AD36,AND(AD36=0,AC36="X")),"OK","niet OK")
C37: Huidige aansluitwaarde: < 3x35A | D37: G10 t/m G25 | F37: 44 | G37: 44 | H37: =F37*B37 | I37: =G37*B37 | J37: =F37*0.23*3*B37 | K37: =G37*0.23*3*B37
C38: Huidige aansluitwaarde: < 3x35A | D38: > G25 | F38: 65 | G38: 65 | H38: =F38*B38 | I38: =G38*B38 | J38: =F38*0.23*3*B38 | K38: =G38*0.23*3*B38 | O38: totale samengestelde impedantie | S38: =SUM(S18:S37) | T38: =SUM(T18:T37) | U38: =SQRT(S38^2+T38^2) | W38: =IF(U38<=W16,"OK","niet OK") | X38: =IF(U38<=X16,"OK","niet OK") | Y38: =IF(U38<=Y16,"OK","niet OK") | Z38: =IF(U38<=Z16,"OK","niet OK") | AA38: =IF(U38<=AA16,"OK","niet OK") | AB38: =IF(U38<=AB16,"OK","niet OK") | AC38: =IF(U38<=AC16,"OK","niet OK") | AD38: t.a.v. totale impedantie passieve trafo en gG
C39: Huidige aansluitwaarde: 3x35A t/m 3x40A | D39: G4, G6, geen of ander gas | F39: 32 | G39: 32 | H39: =F39*B39 | I39: =G39*B39 | J39: =F39*0.23*3*B39 | K39: =G39*0.23*3*B39 | W39: =IF(U38<=W17,"OK","niet OK") | X39: =IF(U38<=X17,"OK","niet OK") | Y39: =IF(U38<=Y17,"OK","niet OK") | Z39: =IF(U38<=Z17,"OK","niet OK") | AA39: =IF(U38<=AA17,"OK","niet OK") | AB39: =IF(U38<=AB17,"OK","niet OK") | AC39: =IF(U38<=AC17,"OK","niet OK") | AD39: t.a.v. totale impedantie regeltrafo en gFF
C40: Huidige aansluitwaarde: 3x35A t/m 3x40A | D40: G10 t/m G25 | F40: 65 | G40: 65 | H40: =F40*B40 | I40: =G40*B40 | J40: =F40*0.23*3*B40 | K40: =G40*0.23*3*B40 | W40: =IF(AND(AG18="OK",AG19="OK",AG20="OK",AG21="OK",AG22="OK",AG23="OK",AG24="OK",AG25="OK",AG26="OK",AG28="OK",AG29="OK",AG31="OK",AG32="OK",AG33="OK",AG34="OK",AG35="OK",AG36="OK"),"OK","niet OK") | X40: =IF(AND(AH18="OK",AH19="OK",AH20="OK",AH21="OK",AH22="OK",AH23="OK",AH24="OK",AH25="OK",AH26="OK",AH28="OK",AH29="OK",AH31="OK",AH32="OK",AH33="OK",AH34="OK",AH35="OK",AH36="OK"),"OK","niet OK") | Y40: =IF(AND(AI18="OK",AI19="OK",AI20="OK",AI21="OK",AI22="OK",AI23="OK",AI24="OK",AI25="OK",AI26="OK",AI28="OK",AI29="OK",AI31="OK",AI32="OK",AI33="OK",AI34="OK",AI35="OK",AI36="OK"),"OK","niet OK") | Z40: =IF(AND(AJ18="OK",AJ19="OK",AJ20="OK",AJ21="OK",AJ22="OK",AJ23="OK",AJ24="OK",AJ25="OK",AJ26="OK",AJ28="OK",AJ29="OK",AJ31="OK",AJ32="OK",AJ33="OK",AJ34="OK",AJ35="OK",AJ36="OK"),"OK","niet OK") | AA40: =IF(AND(AK18="OK",AK19="OK",AK20="OK",AK21="OK",AK22="OK",AK23="OK",AK24="OK",AK25="OK",AK26="OK",AK28="OK",AK29="OK",AK31="OK",AK32="OK",AK33="OK",AK34="OK",AK35="OK",AK36="OK"),"OK","niet OK") | AB40: =IF(AND(AL18="OK",AL19="OK",AL20="OK",AL21="OK",AL22="OK",AL23="OK",AL24="OK",AL25="OK",AL26="OK",AL28="OK",AL29="OK",AL31="OK",AL32="OK",AL33="OK",AL34="OK",AL35="OK",AL36="OK"),"OK","niet OK") | AC40: =IF(AND(AM18="OK",AM19="OK",AM20="OK",AM21="OK",AM22="OK",AM23="OK",AM24="OK",AM25="OK",AM26="OK",AM28="OK",AM29="OK",AM31="OK",AM32="OK",AM33="OK",AM34="OK",AM35="OK",AM36="OK"),"OK","niet OK") | AD40: t.a.v. ontwerpstroom
C41: Huidige aansluitwaarde: 3x35A t/m 3x40A | D41: > G25 | F41: 65 | G41: 65 | H41: =F41*B41 | I41: =G41*B41 | J41: =F41*0.23*3*B41 | K41: =G41*0.23*3*B41 | W41: =IF(AND(W38="OK",W40="OK"),"JA","NEE") | X41: =IF(AND(X38="OK",X40="OK"),"JA","NEE") | Y41: =IF(AND(Y38="OK",Y40="OK"),"JA","NEE") | Z41: =IF(AND(Z38="OK",Z40="OK"),"JA","NEE") | AA41: =IF(AND(AA38="OK",AA40="OK"),"JA","NEE") | AB41: =IF(AND(AB38="OK",AB40="OK"),"JA","NEE") | AC41: =IF(AND(AC38="OK",AC40="OK"),"JA","NEE") | AD41: voldoet aan beide / toegestaan met passieve transformator en gG zekeringen?
C42: Huidige aansluitwaarde: 3x50A | D42: G4, G6, geen of ander gas | F42: 44 | G42: 44 | H42: =F42*B42 | I42: =G42*B42 | J42: =F42*0.23*3*B42 | K42: =G42*0.23*3*B42 | W42: =IF(AND(W39="OK",W40="OK"),"JA","NEE") | X42: =IF(AND(X39="OK",X40="OK"),"JA","NEE") | Y42: =IF(AND(Y39="OK",Y40="OK"),"JA","NEE") | Z42: =IF(AND(Z39="OK",Z40="OK"),"JA","NEE") | AA42: =IF(AND(AA39="OK",AA40="OK"),"JA","NEE") | AB42: =IF(AND(AB39="OK",AB40="OK"),"JA","NEE") | AC42: =IF(AND(AC39="OK",AC40="OK"),"JA","NEE") | AD42: voldoet aan beide / toegestaan met regeltransformator en gFF zekeringen?
C43: Huidige aansluitwaarde: 3x50A | D43: G10 t/m G25 | F43: 65 | G43: 65 | H43: =F43*B43 | I43: =G43*B43 | J43: =F43*0.23*3*B43 | K43: =G43*0.23*3*B43
C44: Huidige aansluitwaarde: 3x50A | D44: > G25 | F44: 65 | G44: 65 | H44: =F44*B44 | I44: =G44*B44 | J44: =F44*0.23*3*B44 | K44: =G44*0.23*3*B44
C45: Huidige aansluitwaarde: 3x63A | D45: G4, G6, geen of ander gas | F45: 51 | G45: 51 | H45: =F45*B45 | I45: =G45*B45 | J45: =F45*0.23*3*B45 | K45: =G45*0.23*3*B45
C46: Huidige aansluitwaarde: 3x63A | D46: G10 t/m G25 | F46: 65 | G46: 65 | H46: =F46*B46 | I46: =G46*B46 | J46: =F46*0.23*3*B46 | K46: =G46*0.23*3*B46 | O46: Belasting geconcentreerd op de laatste helft van de kabel (75%), gebaseerd op tabellen 7 en 9 uit kader Eea-0205.K
C47: Huidige aansluitwaarde: 3x63A | D47: > G25 | F47: 65 | G47: 65 | H47: =F47*B47 | I47: =G47*B47 | J47: =F47*0.23*3*B47 | K47: =G47*0.23*3*B47 | O47: Er moet wel sprake zijn van zogenaamde kabelverjonging, d.w.z. de zwaardere kabels aan het begin van de kabelgroep en de dunnere kabels op het eind van de kabelgroep.
C48: Huidige aansluitwaarde: 3x80A | D48: G4, G6, geen of ander gas | F48: 65 | G48: 65 | H48: =F48*B48 | I48: =G48*B48 | J48: =F48*0.23*3*B48 | K48: =G48*0.23*3*B48
C49: Huidige aansluitwaarde: 3x80A | D49: G10 t/m G25 | F49: 65 | G49: 65 | H49: =F49*B49 | I49: =G49*B49 | J49: =F49*0.23*3*B49 | K49: =G49*0.23*3*B49
C50: Huidige aansluitwaarde: 3x80A | D50: > G25 | F50: 65 | G50: 65 | H50: =F50*B50 | I50: =G50*B50 | J50: =F50*0.23*3*B50 | K50: =G50*0.23*3*B50
C52: Type 9: Grootverbruik LS (eigen richting >3x80A)
C53: Huidige aansluitwaarde: 3x100A | D53: G4, G6, geen of ander gas | F53: 85 | G53: 85 | H53: =F53*B53 | I53: =G53*B53 | J53: =F53*0.23*3*B53 | K53: =G53*0.23*3*B53
D54: G10 t/m G25 | F54: 210 | G54: 210 | H54: =F54*B54 | I54: =G54*B54 | J54: =F54*0.23*3*B54 | K54: =G54*0.23*3*B54
D55: > G25 | F55: 210 | G55: 210 | H55: =F55*B55 | I55: =G55*B55 | J55: =F55*0.23*3*B55 | K55: =G55*0.23*3*B55
C56: Huidige aansluitwaarde: 3x125A | D56: G4, G6, geen of ander gas | F56: 106 | G56: 106 | H56: =F56*B56 | I56: =G56*B56 | J56: =F56*0.23*3*B56 | K56: =G56*0.23*3*B56 | O56: ontwerpstroom | W56: t/m 57A | X56: t/m 72A | Y56: t/m 90A | Z56: t/m 113A | AA56: t/m 144A | AB56: t/m 180A | AC56: t/m 225A
D57: G10 t/m G25 | F57: 210 | G57: 210 | H57: =F57*B57 | I57: =G57*B57 | J57: =F57*0.23*3*B57 | K57: =G57*0.23*3*B57 | O57: smeltveiligheid Inom | W57: 63A | X57: 80A | Y57: 100A | Z57: 125A | AA57: 160A | AB57: 200A | AC57: 250A | AD57: invoer
D58: > G25 | F58: 210 | G58: 210 | H58: =F58*B58 | I58: =G58*B58 | J58: =F58*0.23*3*B58 | K58: =G58*0.23*3*B58 | P58: waarden per 1000m | S58: waarden o.b.v. kabellengte | W58: 63 | X58: 80 | Y58: 100 | Z58: 125 | AA58: 160 | AB58: 200 | AC58: 250 | AD58: kabellengtes
C59: Huidige aansluitwaarde: 3x160A | D59: G4, G6, geen of ander gas | F59: 138 | G59: 138 | H59: =F59*B59 | I59: =G59*B59 | J59: =F59*0.23*3*B59 | K59: =G59*0.23*3*B59 | P59: ohm | Q59: ohm | R59: ohm | S59: ohm | T59: ohm | U59: ohm | V59: A | W59: ohm | X59: ohm | Y59: ohm | Z59: ohm | AA59: ohm | AB59: ohm | AC59: ohm | AD59: per doorsnede
D60: G10 t/m G25 | F60: 210 | G60: 210 | H60: =F60*B60 | I60: =G60*B60 | J60: =F60*0.23*3*B60 | K60: =G60*0.23*3*B60 | W60: 0.215 | X60: 0.17 | Y60: 0.136 | Z60: 0.109 | AA60: 0.085 | AB60: 0.068 | AC60: 0.055
D61: > G25 | F61: 210 | G61: 210 | H61: =F61*B61 | I61: =G61*B61 | J61: =F61*0.23*3*B61 | K61: =G61*0.23*3*B61 | O61: Name | P61: R | Q61: X | R61: Z (berekend) | S61: R | T61: X | U61: Z (berekend) | W61: 0.25 | X61: 0.25 | Y61: 0.25 | Z61: 0.25 | AA61: 0.213 | AB61: 0.17 | AC61: 0.136 | AD61: in meters | AI61: hulptabel
C62: Huidige aansluitwaarde: 3x200A | D62: G4, G6, geen of ander gas | F62: 210 | G62: 210 | H62: =F62*B62 | I62: =G62*B62 | J62: =F62*0.23*3*B62 | K62: =G62*0.23*3*B62 | O62: 4*240mm2 Al | P62: 0.129 | Q62: 0.073 | R62: =SQRT(P62^2+Q62^2) | S62: =+P62*AD62/1000 | T62: =+AD62*Q62/1000 | V62: 359 | W62: =IF(W58<=V62+3,+AD62,"X") | X62: =IF(X58<=V62+3,+AD62,"X") | Y62: =IF(Y58<=V62+3,+AD62,"X") | Z62: =IF(Z58<=V62+3,+AD62,"X") | AA62: =IF(AA58<=V62+3,+AD62,"X") | AB62: =IF(AB58<=V62+3,+AD62,"X") | AC62: =IF(AC58<=V62+3,+AD62,"X") | AE62: 4*240mm2 Al | AG62: =IF(OR(W62=AD62,AND(AD62=0,W62="X")),"OK","niet OK") | AH62: =IF(OR(X62=AD62,AND(AD62=0,X62="X")),"OK","niet OK") | AI62: =IF(OR(Y62=AD62,AND(AD62=0,Y62="X")),"OK","niet OK") | AJ62: =IF(OR(Z62=AD62,AND(AD62=0,Z62="X")),"OK","niet OK") | AK62: =IF(OR(AA62=AD62,AND(AD62=0,AA62="X")),"OK","niet OK") | AL62: =IF(OR(AB62=AD62,AND(AD62=0,AB62="X")),"OK","niet OK") | AM62: =IF(OR(AC62=AD62,AND(AD62=0,AC62="X")),"OK","niet OK")
D63: G10 t/m G25 | F63: 210 | G63: 210 | H63: =F63*B63 | I63: =G63*B63 | J63: =F63*0.23*3*B63 | K63: =G63*0.23*3*B63 | O63: 4*150mm2 Al | P63: 0.206 | Q63: 0.079 | R63: =SQRT(P63^2+Q63^2) | S63: =+P63*AD63/1000 | T63: =+AD63*Q63/1000 | V63: 272 | W63: =IF(W58<=V63+3,+AD63,"X") | X63: =IF(X58<=V63+3,+AD63,"X") | Y63: =IF(Y58<=V63+3,+AD63,"X") | Z63: =IF(Z58<=V63+3,+AD63,"X") | AA63: =IF(AA58<=V63+3,+AD63,"X") | AB63: =IF(AB58<=V63+3,+AD63,"X") | AC63: =IF(AC58<=V63+3,+AD63,"X") | AE63: 4*150mm2 Al | AG63: =IF(OR(W63=AD63,AND(AD63=0,W63="X")),"OK","niet OK") | AH63: =IF(OR(X63=AD63,AND(AD63=0,X63="X")),"OK","niet OK") | AI63: =IF(OR(Y63=AD63,AND(AD63=0,Y63="X")),"OK","niet OK") | AJ63: =IF(OR(Z63=AD63,AND(AD63=0,Z63="X")),"OK","niet OK") | AK63: =IF(OR(AA63=AD63,AND(AD63=0,AA63="X")),"OK","niet OK") | AL63: =IF(OR(AB63=AD63,AND(AD63=0,AB63="X")),"OK","niet OK") | AM63: =IF(OR(AC63=AD63,AND(AD63=0,AC63="X")),"OK","niet OK")
D64: > G25 | F64: 210 | G64: 210 | H64: =F64*B64 | I64: =G64*B64 | J64: =F64*0.23*3*B64 | K64: =G64*0.23*3*B64 | O64: 4*120mm2 Al | P64: 0.281 | Q64: 0.081 | R64: =SQRT(P64^2+Q64^2) | S64: =+P64*AD64/1000 | T64: =+AD64*Q64/1000 | V64: 243 | W64: =IF(W58<=V64+3,+AD64,"X") | X64: =IF(X58<=V64+3,+AD64,"X") | Y64: =IF(Y58<=V64+3,+AD64,"X") | Z64: =IF(Z58<=V64+3,+AD64,"X") | AA64: =IF(AA58<=V64+3,+AD64,"X") | AB64: =IF(AB58<=V64+3,+AD64,"X") | AC64: =IF(AC58<=V64+3,+AD64,"X") | AE64: 4*120mm2 Al | AG64: =IF(OR(W64=AD64,AND(AD64=0,W64="X")),"OK","niet OK") | AH64: =IF(OR(X64=AD64,AND(AD64=0,X64="X")),"OK","niet OK") | AI64: =IF(OR(Y64=AD64,AND(AD64=0,Y64="X")),"OK","niet OK") | AJ64: =IF(OR(Z64=AD64,AND(AD64=0,Z64="X")),"OK","niet OK") | AK64: =IF(OR(AA64=AD64,AND(AD64=0,AA64="X")),"OK","niet OK") | AL64: =IF(OR(AB64=AD64,AND(AD64=0,AB64="X")),"OK","niet OK") | AM64: =IF(OR(AC64=AD64,AND(AD64=0,AC64="X")),"OK","niet OK")
C65: Huidige aansluitwaarde: 3x250A | D65: G4, G6, geen of ander gas | F65: 210 | G65: 210 | H65: =F65*B65 | I65: =G65*B65 | J65: =F65*0.23*3*B65 | K65: =G65*0.23*3*B65 | O65: 4*95mm2 Al | P65: 0.32 | Q65: 0.082 | R65: =SQRT(P65^2+Q65^2) | S65: =+P65*AD65/1000 | T65: =+AD65*Q65/1000 | V65: 213 | W65: =IF(W58<=V65+3,+AD65,"X") | X65: =IF(X58<=V65+3,+AD65,"X") | Y65: =IF(Y58<=V65+3,+AD65,"X") | Z65: =IF(Z58<=V65+3,+AD65,"X") | AA65: =IF(AA58<=V65+3,+AD65,"X") | AB65: =IF(AB58<=V65+3,+AD65,"X") | AC65: =IF(AC58<=V65+3,+AD65,"X") | AE65: 4*95mm2 Al | AG65: =IF(OR(W65=AD65,AND(AD65=0,W65="X")),"OK","niet OK") | AH65: =IF(OR(X65=AD65,AND(AD65=0,X65="X")),"OK","niet OK") | AI65: =IF(OR(Y65=AD65,AND(AD65=0,Y65="X")),"OK","niet OK") | AJ65: =IF(OR(Z65=AD65,AND(AD65=0,Z65="X")),"OK","niet OK") | AK65: =IF(OR(AA65=AD65,AND(AD65=0,AA65="X")),"OK","niet OK") | AL65: =IF(OR(AB65=AD65,AND(AD65=0,AB65="X")),"OK","niet OK") | AM65: =IF(OR(AC65=AD65,AND(AD65=0,AC65="X")),"OK","niet OK")
D66: G10 t/m G25 | F66: 210 | G66: 210 | H66: =F66*B66 | I66: =G66*B66 | J66: =F66*0.23*3*B66 | K66: =G66*0.23*3*B66 | O66: 4*70mm2 Al | P66: 0.443 | Q66: =(Q65+Q67)/2 | R66: =SQRT(P66^2+Q66^2) | S66: =+P66*AD66/1000 | T66: =+AD66*Q66/1000 | V66: 177 | W66: =IF(W58<=V66+3,+AD66,"X") | X66: =IF(X58<=V66+3,+AD66,"X") | Y66: =IF(Y58<=V66+3,+AD66,"X") | Z66: =IF(Z58<=V66+3,+AD66,"X") | AA66: =IF(AA58<=V66+3,+AD66,"X") | AB66: =IF(AB58<=V66+3,+AD66,"X") | AC66: =IF(AC58<=V66+3,+AD66,"X") | AE66: 4*70mm2 Al | AG66: =IF(OR(W66=AD66,AND(AD66=0,W66="X")),"OK","niet OK") | AH66: =IF(OR(X66=AD66,AND(AD66=0,X66="X")),"OK","niet OK") | AI66: =IF(OR(Y66=AD66,AND(AD66=0,Y66="X")),"OK","niet OK") | AJ66: =IF(OR(Z66=AD66,AND(AD66=0,Z66="X")),"OK","niet OK") | AK66: =IF(OR(AA66=AD66,AND(AD66=0,AA66="X")),"OK","niet OK") | AL66: =IF(OR(AB66=AD66,AND(AD66=0,AB66="X")),"OK","niet OK") | AM66: =IF(OR(AC66=AD66,AND(AD66=0,AC66="X")),"OK","niet OK")
D67: > G25 | F67: 210 | G67: 210 | H67: =F67*B67 | I67: =G67*B67 | J67: =F67*0.23*3*B67 | K67: =G67*0.23*3*B67 | O67: 4*50mm2 Al | P67: 0.641 | Q67: 0.085 | R67: =SQRT(P67^2+Q67^2) | S67: =+P67*AD67/1000 | T67: =+AD67*Q67/1000 | V67: 144 | W67: =IF(W58<=V67+3,+AD67,"X") | X67: =IF(X58<=V67+3,+AD67,"X") | Y67: =IF(Y58<=V67+3,+AD67,"X") | Z67: =IF(Z58<=V67+3,+AD67,"X") | AA67: =IF(AA58<=V67+3,+AD67,"X") | AB67: =IF(AB58<=V67+3,+AD67,"X") | AC67: =IF(AC58<=V67+3,+AD67,"X") | AE67: 4*50mm2 Al | AG67: =IF(OR(W67=AD67,AND(AD67=0,W67="X")),"OK","niet OK") | AH67: =IF(OR(X67=AD67,AND(AD67=0,X67="X")),"OK","niet OK") | AI67: =IF(OR(Y67=AD67,AND(AD67=0,Y67="X")),"OK","niet OK") | AJ67: =IF(OR(Z67=AD67,AND(AD67=0,Z67="X")),"OK","niet OK") | AK67: =IF(OR(AA67=AD67,AND(AD67=0,AA67="X")),"OK","niet OK") | AL67: =IF(OR(AB67=AD67,AND(AD67=0,AB67="X")),"OK","niet OK") | AM67: =IF(OR(AC67=AD67,AND(AD67=0,AC67="X")),"OK","niet OK")
O68: 4*35mm2 Al | P68: 0.868 | Q68: 0.101 | R68: =SQRT(P68^2+Q68^2) | S68: =+P68*AD68/1000 | T68: =+AD68*Q68/1000 | V68: 120 | W68: =IF(W58<=V68+3,+AD68,"X") | X68: =IF(X58<=V68+3,+AD68,"X") | Y68: =IF(Y58<=V68+3,+AD68,"X") | Z68: =IF(Z58<=V68+3,+AD68,"X") | AA68: =IF(AA58<=V68+3,+AD68,"X") | AB68: =IF(AB58<=V68+3,+AD68,"X") | AC68: =IF(AC58<=V68+3,+AD68,"X") | AE68: 4*35mm2 Al | AG68: =IF(OR(W68=AD68,AND(AD68=0,W68="X")),"OK","niet OK") | AH68: =IF(OR(X68=AD68,AND(AD68=0,X68="X")),"OK","niet OK") | AI68: =IF(OR(Y68=AD68,AND(AD68=0,Y68="X")),"OK","niet OK") | AJ68: =IF(OR(Z68=AD68,AND(AD68=0,Z68="X")),"OK","niet OK") | AK68: =IF(OR(AA68=AD68,AND(AD68=0,AA68="X")),"OK","niet OK") | AL68: =IF(OR(AB68=AD68,AND(AD68=0,AB68="X")),"OK","niet OK") | AM68: =IF(OR(AC68=AD68,AND(AD68=0,AC68="X")),"OK","niet OK")
C69: Type 10: Netbewust publiek laden | O69: 4*25mm2 Al | P69: 1.2 | Q69: 0.094 | R69: =SQRT(P69^2+Q69^2) | S69: =+P69*AD69/1000 | T69: =+AD69*Q69/1000 | V69: 100 | W69: =IF(W58<=V69+3,+AD69,"X") | X69: =IF(X58<=V69+3,+AD69,"X") | Y69: =IF(Y58<=V69+3,+AD69,"X") | Z69: =IF(Z58<=V69+3,+AD69,"X") | AA69: =IF(AA58<=V69+3,+AD69,"X") | AB69: =IF(AB58<=V69+3,+AD69,"X") | AC69: =IF(AC58<=V69+3,+AD69,"X") | AE69: 4*25mm2 Al | AG69: =IF(OR(W69=AD69,AND(AD69=0,W69="X")),"OK","niet OK") | AH69: =IF(OR(X69=AD69,AND(AD69=0,X69="X")),"OK","niet OK") | AI69: =IF(OR(Y69=AD69,AND(AD69=0,Y69="X")),"OK","niet OK") | AJ69: =IF(OR(Z69=AD69,AND(AD69=0,Z69="X")),"OK","niet OK") | AK69: =IF(OR(AA69=AD69,AND(AD69=0,AA69="X")),"OK","niet OK") | AL69: =IF(OR(AB69=AD69,AND(AD69=0,AB69="X")),"OK","niet OK") | AM69: =IF(OR(AC69=AD69,AND(AD69=0,AC69="X")),"OK","niet OK")
C70: Aansluiting 3x25A | F70: 4.8 | H70: =F70*B70 | J70: =F70*0.23*3*B70 | O70: 4*16mm2 Al | P70: 1.91 | Q70: 0.096 | R70: =SQRT(P70^2+Q70^2) | S70: =+P70*AD70/1000 | T70: =+AD70*Q70/1000 | V70: 78 | W70: =IF(W58<=V70+3,+AD70,"X") | X70: =IF(X58<=V70+3,+AD70,"X") | Y70: =IF(Y58<=V70+3,+AD70,"X") | Z70: =IF(Z58<=V70+3,+AD70,"X") | AA70: =IF(AA58<=V70+3,+AD70,"X") | AB70: =IF(AB58<=V70+3,+AD70,"X") | AC70: =IF(AC58<=V70+3,+AD70,"X") | AE70: 4*16mm2 Al | AG70: =IF(OR(W70=AD70,AND(AD70=0,W70="X")),"OK","niet OK") | AH70: =IF(OR(X70=AD70,AND(AD70=0,X70="X")),"OK","niet OK") | AI70: =IF(OR(Y70=AD70,AND(AD70=0,Y70="X")),"OK","niet OK") | AJ70: =IF(OR(Z70=AD70,AND(AD70=0,Z70="X")),"OK","niet OK") | AK70: =IF(OR(AA70=AD70,AND(AD70=0,AA70="X")),"OK","niet OK") | AL70: =IF(OR(AB70=AD70,AND(AD70=0,AB70="X")),"OK","niet OK") | AM70: =IF(OR(AC70=AD70,AND(AD70=0,AC70="X")),"OK","niet OK")
C72: Type 11: Straatmeubilair | O72: 4*185mm2 Cu | P72: 0.107 | Q72: 0.068 | R72: =SQRT(P72^2+Q72^2) | S72: =+P72*AD72/1000 | T72: =+AD72*Q72/1000 | V72: 393 | W72: =IF(W58<=V72+3,+AD72,"X") | X72: =IF(X58<=V72+3,+AD72,"X") | Y72: =IF(Y58<=V72+3,+AD72,"X") | Z72: =IF(Z58<=V72+3,+AD72,"X") | AA72: =IF(AA58<=V72+3,+AD72,"X") | AB72: =IF(AB58<=V72+3,+AD72,"X") | AC72: =IF(AC58<=V72+3,+AD72,"X") | AE72: 4*185mm2 Cu | AG72: =IF(OR(W72=AD72,AND(AD72=0,W72="X")),"OK","niet OK") | AH72: =IF(OR(X72=AD72,AND(AD72=0,X72="X")),"OK","niet OK") | AI72: =IF(OR(Y72=AD72,AND(AD72=0,Y72="X")),"OK","niet OK") | AJ72: =IF(OR(Z72=AD72,AND(AD72=0,Z72="X")),"OK","niet OK") | AK72: =IF(OR(AA72=AD72,AND(AD72=0,AA72="X")),"OK","niet OK") | AL72: =IF(OR(AB72=AD72,AND(AD72=0,AB72="X")),"OK","niet OK") | AM72: =IF(OR(AC72=AD72,AND(AD72=0,AC72="X")),"OK","niet OK")
C73: Aansluiting 3x25A | F73: 5.8 | H73: =F73*B73 | J73: =F73*0.23*3*B73 | O73: 4*150mm2 Cu | P73: 0.125 | Q73: 0.068 | R73: =SQRT(P73^2+Q73^2) | S73: =+P73*AD73/1000 | T73: =+AD73*Q73/1000 | V73: 348 | W73: =IF(W58<=V73+3,+AD73,"X") | X73: =IF(X58<=V73+3,+AD73,"X") | Y73: =IF(Y58<=V73+3,+AD73,"X") | Z73: =IF(Z58<=V73+3,+AD73,"X") | AA73: =IF(AA58<=V73+3,+AD73,"X") | AB73: =IF(AB58<=V73+3,+AD73,"X") | AC73: =IF(AC58<=V73+3,+AD73,"X") | AE73: 4*150mm2 Cu | AG73: =IF(OR(W73=AD73,AND(AD73=0,W73="X")),"OK","niet OK") | AH73: =IF(OR(X73=AD73,AND(AD73=0,X73="X")),"OK","niet OK") | AI73: =IF(OR(Y73=AD73,AND(AD73=0,Y73="X")),"OK","niet OK") | AJ73: =IF(OR(Z73=AD73,AND(AD73=0,Z73="X")),"OK","niet OK") | AK73: =IF(OR(AA73=AD73,AND(AD73=0,AA73="X")),"OK","niet OK") | AL73: =IF(OR(AB73=AD73,AND(AD73=0,AB73="X")),"OK","niet OK") | AM73: =IF(OR(AC73=AD73,AND(AD73=0,AC73="X")),"OK","niet OK")
C74: Aansluiting 3x40A t/m 3x50A | F74: 22 | H74: =F74*B74 | J74: =F74*0.23*3*B74 | O74: 4*120mm2 Cu | P74: 0.152 | Q74: 0.069 | R74: 0.16692813 | S74: =+P74*AD74/1000 | T74: =+AD74*Q74/1000 | V74: 307 | W74: =IF(W58<=V74+3,+AD74,"X") | X74: =IF(X58<=V74+3,+AD74,"X") | Y74: =IF(Y58<=V74+3,+AD74,"X") | Z74: =IF(Z58<=V74+3,+AD74,"X") | AA74: =IF(AA58<=V74+3,+AD74,"X") | AB74: =IF(AB58<=V74+3,+AD74,"X") | AC74: =IF(AC58<=V74+3,+AD74,"X") | AE74: 4*120mm2 Cu | AG74: =IF(OR(W74=AD74,AND(AD74=0,W74="X")),"OK","niet OK") | AH74: =IF(OR(X74=AD74,AND(AD74=0,X74="X")),"OK","niet OK") | AI74: =IF(OR(Y74=AD74,AND(AD74=0,Y74="X")),"OK","niet OK") | AJ74: =IF(OR(Z74=AD74,AND(AD74=0,Z74="X")),"OK","niet OK") | AK74: =IF(OR(AA74=AD74,AND(AD74=0,AA74="X")),"OK","niet OK") | AL74: =IF(OR(AB74=AD74,AND(AD74=0,AB74="X")),"OK","niet OK") | AM74: =IF(OR(AC74=AD74,AND(AD74=0,AC74="X")),"OK","niet OK")
C75: Aansluiting 3x63A t/m 3x80A | F75: 36 | H75: =F75*B75 | J75: =F75*0.23*3*B75 | O75: 4*95mm2 Cu | P75: 0.194 | Q75: 0.069 | R75: =SQRT(P75^2+Q75^2) | S75: =+P75*AD75/1000 | T75: =+AD75*Q75/1000 | V75: 272 | W75: =IF(W58<=V75+3,+AD75,"X") | X75: =IF(X58<=V75+3,+AD75,"X") | Y75: =IF(Y58<=V75+3,+AD75,"X") | Z75: =IF(Z58<=V75+3,+AD75,"X") | AA75: =IF(AA58<=V75+3,+AD75,"X") | AB75: =IF(AB58<=V75+3,+AD75,"X") | AC75: =IF(AC58<=V75+3,+AD75,"X") | AE75: 4*95mm2 Cu | AG75: =IF(OR(W75=AD75,AND(AD75=0,W75="X")),"OK","niet OK") | AH75: =IF(OR(X75=AD75,AND(AD75=0,X75="X")),"OK","niet OK") | AI75: =IF(OR(Y75=AD75,AND(AD75=0,Y75="X")),"OK","niet OK") | AJ75: =IF(OR(Z75=AD75,AND(AD75=0,Z75="X")),"OK","niet OK") | AK75: =IF(OR(AA75=AD75,AND(AD75=0,AA75="X")),"OK","niet OK") | AL75: =IF(OR(AB75=AD75,AND(AD75=0,AB75="X")),"OK","niet OK") | AM75: =IF(OR(AC75=AD75,AND(AD75=0,AC75="X")),"OK","niet OK")
O76: 4*70mm2 Cu | P76: 0.268 | Q76: 0.072 | R76: =SQRT(P76^2+Q76^2) | S76: =+P76*AD76/1000 | T76: =+AD76*Q76/1000 | V76: 227 | W76: =IF(W58<=V76+3,+AD76,"X") | X76: =IF(X58<=V76+3,+AD76,"X") | Y76: =IF(Y58<=V76+3,+AD76,"X") | Z76: =IF(Z58<=V76+3,+AD76,"X") | AA76: =IF(AA58<=V76+3,+AD76,"X") | AB76: =IF(AB58<=V76+3,+AD76,"X") | AC76: =IF(AC58<=V76+3,+AD76,"X") | AE76: 4*70mm2 Cu | AG76: =IF(OR(W76=AD76,AND(AD76=0,W76="X")),"OK","niet OK") | AH76: =IF(OR(X76=AD76,AND(AD76=0,X76="X")),"OK","niet OK") | AI76: =IF(OR(Y76=AD76,AND(AD76=0,Y76="X")),"OK","niet OK") | AJ76: =IF(OR(Z76=AD76,AND(AD76=0,Z76="X")),"OK","niet OK") | AK76: =IF(OR(AA76=AD76,AND(AD76=0,AA76="X")),"OK","niet OK") | AL76: =IF(OR(AB76=AD76,AND(AD76=0,AB76="X")),"OK","niet OK") | AM76: =IF(OR(AC76=AD76,AND(AD76=0,AC76="X")),"OK","niet OK")
C77: Totale ontwerpstroom op de kabel (A) | D77: =MAX(SUM(H5:H75),SUM(I5:I75)) | O77: 4*50mm2 Cu | P77: 0.387 | Q77: 0.085 | R77: =SQRT(P77^2+Q77^2) | S77: =+P77*AD77/1000 | T77: =+AD77*Q77/1000 | V77: 182 | W77: =IF(W58<=V77+3,+AD77,"X") | X77: =IF(X58<=V77+3,+AD77,"X") | Y77: =IF(Y58<=V77+3,+AD77,"X") | Z77: =IF(Z58<=V77+3,+AD77,"X") | AA77: =IF(AA58<=V77+3,+AD77,"X") | AB77: =IF(AB58<=V77+3,+AD77,"X") | AC77: =IF(AC58<=V77+3,+AD77,"X") | AE77: 4*50mm2 Cu | AG77: =IF(OR(W77=AD77,AND(AD77=0,W77="X")),"OK","niet OK") | AH77: =IF(OR(X77=AD77,AND(AD77=0,X77="X")),"OK","niet OK") | AI77: =IF(OR(Y77=AD77,AND(AD77=0,Y77="X")),"OK","niet OK") | AJ77: =IF(OR(Z77=AD77,AND(AD77=0,Z77="X")),"OK","niet OK") | AK77: =IF(OR(AA77=AD77,AND(AD77=0,AA77="X")),"OK","niet OK") | AL77: =IF(OR(AB77=AD77,AND(AD77=0,AB77="X")),"OK","niet OK") | AM77: =IF(OR(AC77=AD77,AND(AD77=0,AC77="X")),"OK","niet OK")
O78: 4*35mm2 Cu | P78: 0.524 | Q78: 0.1 | R78: =SQRT(P78^2+Q78^2) | S78: =+P78*AD78/1000 | T78: =+AD78*Q78/1000 | V78: 154 | W78: =IF(W58<=V78+3,+AD78,"X") | X78: =IF(X58<=V78+3,+AD78,"X") | Y78: =IF(Y58<=V78+3,+AD78,"X") | Z78: =IF(Z58<=V78+3,+AD78,"X") | AA78: =IF(AA58<=V78+3,+AD78,"X") | AB78: =IF(AB58<=V78+3,+AD78,"X") | AC78: =IF(AC58<=V78+3,+AD78,"X") | AE78: 4*35mm2 Cu | AG78: =IF(OR(W78=AD78,AND(AD78=0,W78="X")),"OK","niet OK") | AH78: =IF(OR(X78=AD78,AND(AD78=0,X78="X")),"OK","niet OK") | AI78: =IF(OR(Y78=AD78,AND(AD78=0,Y78="X")),"OK","niet OK") | AJ78: =IF(OR(Z78=AD78,AND(AD78=0,Z78="X")),"OK","niet OK") | AK78: =IF(OR(AA78=AD78,AND(AD78=0,AA78="X")),"OK","niet OK") | AL78: =IF(OR(AB78=AD78,AND(AD78=0,AB78="X")),"OK","niet OK") | AM78: =IF(OR(AC78=AD78,AND(AD78=0,AC78="X")),"OK","niet OK")
D79: Verdeel gekozen aansluitingen over meerdere kabels indien ontwerpstroom groter dan 225A is! | O79: 4*25mm2 Cu | P79: 0.727 | Q79: 0.094 | R79: =SQRT(P79^2+Q79^2) | S79: =+P79*AD79/1000 | T79: =+AD79*Q79/1000 | V79: 128 | W79: =IF(W58<=V79+3,+AD79,"X") | X79: =IF(X58<=V79+3,+AD79,"X") | Y79: =IF(Y58<=V79+3,+AD79,"X") | Z79: =IF(Z58<=V79+3,+AD79,"X") | AA79: =IF(AA58<=V79+3,+AD79,"X") | AB79: =IF(AB58<=V79+3,+AD79,"X") | AC79: =IF(AC58<=V79+3,+AD79,"X") | AE79: 4*25mm2 Cu | AG79: =IF(OR(W79=AD79,AND(AD79=0,W79="X")),"OK","niet OK") | AH79: =IF(OR(X79=AD79,AND(AD79=0,X79="X")),"OK","niet OK") | AI79: =IF(OR(Y79=AD79,AND(AD79=0,Y79="X")),"OK","niet OK") | AJ79: =IF(OR(Z79=AD79,AND(AD79=0,Z79="X")),"OK","niet OK") | AK79: =IF(OR(AA79=AD79,AND(AD79=0,AA79="X")),"OK","niet OK") | AL79: =IF(OR(AB79=AD79,AND(AD79=0,AB79="X")),"OK","niet OK") | AM79: =IF(OR(AC79=AD79,AND(AD79=0,AC79="X")),"OK","niet OK")
O80: 4*16mm2 Cu | P80: 1.15 | Q80: 0.097 | R80: =SQRT(P80^2+Q80^2) | S80: =+P80*AD80/1000 | T80: =+AD80*Q80/1000 | V80: 99 | W80: =IF(W58<=V80+3,+AD80,"X") | X80: =IF(X58<=V80+3,+AD80,"X") | Y80: =IF(Y58<=V80+3,+AD80,"X") | Z80: =IF(Z58<=V80+3,+AD80,"X") | AA80: =IF(AA58<=V80+3,+AD80,"X") | AB80: =IF(AB58<=V80+3,+AD80,"X") | AC80: =IF(AC58<=V80+3,+AD80,"X") | AE80: 4*16mm2 Cu | AG80: =IF(OR(W80=AD80,AND(AD80=0,W80="X")),"OK","niet OK") | AH80: =IF(OR(X80=AD80,AND(AD80=0,X80="X")),"OK","niet OK") | AI80: =IF(OR(Y80=AD80,AND(AD80=0,Y80="X")),"OK","niet OK") | AJ80: =IF(OR(Z80=AD80,AND(AD80=0,Z80="X")),"OK","niet OK") | AK80: =IF(OR(AA80=AD80,AND(AD80=0,AA80="X")),"OK","niet OK") | AL80: =IF(OR(AB80=AD80,AND(AD80=0,AB80="X")),"OK","niet OK") | AM80: =IF(OR(AC80=AD80,AND(AD80=0,AC80="X")),"OK","niet OK")
O82: totale samengestelde impedantie | S82: =SUM(S62:S81) | T82: =SUM(T62:T81) | U82: =SQRT(S82^2+T82^2) | W82: =IF(U82<=W60,"OK","niet OK") | X82: =IF(U82<=X60,"OK","niet OK") | Y82: =IF(U82<=Y60,"OK","niet OK") | Z82: =IF(U82<=Z60,"OK","niet OK") | AA82: =IF(U82<=AA60,"OK","niet OK") | AB82: =IF(U82<=AB60,"OK","niet OK") | AC82: =IF(U82<=AC60,"OK","niet OK") | AD82: t.a.v. totale impedantie passieve trafo en gG
W83: =IF(U82<=W61,"OK","niet OK") | X83: =IF(U82<=X61,"OK","niet OK") | Y83: =IF(U82<=Y61,"OK","niet OK") | Z83: =IF(U82<=Z61,"OK","niet OK") | AA83: =IF(U82<=AA61,"OK","niet OK") | AB83: =IF(U82<=AB61,"OK","niet OK") | AC83: =IF(U82<=AC61,"OK","niet OK") | AD83: t.a.v. totale impedantie regeltrafo en gFF
W84: =IF(AND(AG62="OK",AG63="OK",AG64="OK",AG65="OK",AG66="OK",AG67="OK",AG68="OK",AG69="OK",AG70="OK",AG72="OK",AG73="OK",AG75="OK",AG76="OK",AG77="OK",AG78="OK",AG79="OK",AG80="OK"),"OK","niet OK") | X84: =IF(AND(AH62="OK",AH63="OK",AH64="OK",AH65="OK",AH66="OK",AH67="OK",AH68="OK",AH69="OK",AH70="OK",AH72="OK",AH73="OK",AH75="OK",AH76="OK",AH77="OK",AH78="OK",AH79="OK",AH80="OK"),"OK","niet OK") | Y84: =IF(AND(AI62="OK",AI63="OK",AI64="OK",AI65="OK",AI66="OK",AI67="OK",AI68="OK",AI69="OK",AI70="OK",AI72="OK",AI73="OK",AI75="OK",AI76="OK",AI77="OK",AI78="OK",AI79="OK",AI80="OK"),"OK","niet OK") | Z84: =IF(AND(AJ62="OK",AJ63="OK",AJ64="OK",AJ65="OK",AJ66="OK",AJ67="OK",AJ68="OK",AJ69="OK",AJ70="OK",AJ72="OK",AJ73="OK",AJ75="OK",AJ76="OK",AJ77="OK",AJ78="OK",AJ79="OK",AJ80="OK"),"OK","niet OK") | AA84: =IF(AND(AK62="OK",AK63="OK",AK64="OK",AK65="OK",AK66="OK",AK67="OK",AK68="OK",AK69="OK",AK70="OK",AK72="OK",AK73="OK",AK75="OK",AK76="OK",AK77="OK",AK78="OK",AK79="OK",AK80="OK"),"OK","niet OK") | AB84: =IF(AND(AL62="OK",AL63="OK",AL64="OK",AL65="OK",AL66="OK",AL67="OK",AL68="OK",AL69="OK",AL70="OK",AL72="OK",AL73="OK",AL75="OK",AL76="OK",AL77="OK",AL78="OK",AL79="OK",AL80="OK"),"OK","niet OK") | AC84: =IF(AND(AM62="OK",AM63="OK",AM64="OK",AM65="OK",AM66="OK",AM67="OK",AM68="OK",AM69="OK",AM70="OK",AM72="OK",AM73="OK",AM75="OK",AM76="OK",AM77="OK",AM78="OK",AM79="OK",AM80="OK"),"OK","niet OK") | AD84: t.a.v. ontwerpstroom
W85: =IF(AND(W82="OK",W84="OK"),"JA","NEE") | X85: =IF(AND(X82="OK",X84="OK"),"JA","NEE") | Y85: =IF(AND(Y82="OK",Y84="OK"),"JA","NEE") | Z85: =IF(AND(Z82="OK",Z84="OK"),"JA","NEE") | AA85: =IF(AND(AA82="OK",AA84="OK"),"JA","NEE") | AB85: =IF(AND(AB82="OK",AB84="OK"),"JA","NEE") | AC85: =IF(AND(AC82="OK",AC84="OK"),"JA","NEE") | AD85: voldoet aan beide / toegestaan met passieve transformator en gG zekeringen?
W86: =IF(AND(W83="OK",W84="OK"),"JA","NEE") | X86: =IF(AND(X83="OK",X84="OK"),"JA","NEE") | Y86: =IF(AND(Y83="OK",Y84="OK"),"JA","NEE") | Z86: =IF(AND(Z83="OK",Z84="OK"),"JA","NEE") | AA86: =IF(AND(AA83="OK",AA84="OK"),"JA","NEE") | AB86: =IF(AND(AB83="OK",AB84="OK"),"JA","NEE") | AC86: =IF(AND(AC83="OK",AC84="OK"),"JA","NEE") | AD86: voldoet aan beide / toegestaan met regeltransformator en gFF zekeringen?

Sheet (2)
A1: Vul alleen de | C1: vlakken in. | F1: Ontwerpstroom kabel | O1: Verschillende doorsnedes in dezelfde kabelgroep! Let op: Alleen de gele velden zijn invoervelden ! | AD1: Invoervelden
B2: Aantal van eenheid | C2: Type wooneenheid | F2: Ontwerpstroom verbruik per eenheid | G2: Ontwerpstroom opwek per eenheid | H2: Totaal verbruik op kabelniveau in A | I2: Totaal opwek op kabelniveau in A | J2: Totaal verbruik op kabelniveau in kW | K2: Totaal opwek op kabelniveau in kW | M2: Opmerkingen | O2: Evenredig verdeelde belasting over de kabel (50%), gebaseerd op tabellen 6 en 8 uit kader Eea-0205.K
O3: Er moet wel sprake zijn van zogenaamde kabelverjonging, d.w.z. de zwaardere kabels aan het begin van de kabelgroep en de dunnere kabels op het eind van de kabelgroep.
C4: Type 1: Laagbouw huishoudens t/m bouwjaar 2021 met een individuele warmtepomp en tapwaterbuffer
C5: Vrijstaand | F5: 8.1 | G5: 9.2 | H5: =F5*B5 | I5: =G5*B5 | J5: =F5*0.23*3*B5 | K5: =G5*0.23*3*B5
C6: Twee onder een kap | F6: 7.1 | G6: 7 | H6: =F6*B6 | I6: =G6*B6 | J6: =F6*0.23*3*B6 | K6: =G6*0.23*3*B6
C7: Rijtjeswoning (woonboten, woonwagens, chalets en vakantiehuisjes) | F7: 6.4 | G7: 5.9 | H7: =F7*B7 | I7: =G7*B7 | J7: =F7*0.23*3*B7 | K7: =G7*0.23*3*B7
C8: Onbekend | F8: 6.8 | G8: 5.9 | H8: =F8*B8 | I8: =G8*B8 | J8: =F8*0.23*3*B8 | K8: =G8*0.23*3*B8
C10: Type 2: Laagbouw huishoudens met stads- of gasverwarming
C11: Vrijstaand | F11: 3.9 | G11: 8.9 | H11: =F11*B11 | I11: =G11*B11 | J11: =F11*0.23*3*B11 | K11: =G11*0.23*3*B11
C12: Twee onder een kap | F12: 3.9 | G12: 6.8 | H12: =F12*B12 | I12: =G12*B12 | J12: =F12*0.23*3*B12 | K12: =G12*0.23*3*B12 | O12: ontwerpstroom | W12: t/m 57A | X12: t/m 72A | Y12: t/m 90A | Z12: t/m 113A | AA12: t/m 144A | AB12: t/m 180A | AC12: t/m 225A
C13: Rijtjeswoning (woonboten, woonwagens, chalets en vakantiehuisjes) | F13: 3.9 | G13: 5.7 | H13: =F13*B13 | I13: =G13*B13 | J13: =F13*0.23*3*B13 | K13: =G13*0.23*3*B13 | O13: smeltveiligheid Inom | W13: 63A | X13: 80A | Y13: 100A | Z13: 125A | AA13: 160A | AB13: 200A | AC13: 250A | AD13: invoer
C14: Onbekend | F14: 3.9 | G14: 5.7 | H14: =F14*B14 | I14: =G14*B14 | J14: =F14*0.23*3*B14 | K14: =G14*0.23*3*B14 | P14: waarden per 1000m | S14: waarden o.b.v. kabellengte | W14: 63 | X14: 80 | Y14: 100 | Z14: 125 | AA14: 160 | AB14: 200 | AC14: 250 | AD14: kabellengtes
P15: ohm | Q15: ohm | R15: ohm | S15: ohm | T15: ohm | U15: ohm | V15: A | W15: ohm | X15: ohm | Y15: ohm | Z15: ohm | AA15: ohm | AB15: ohm | AC15: ohm | AD15: per doorsnede
C16: Type 3: Laagbouw huishoudens vanaf bouwjaar 2022 met een individuele warmtepomp en tapwaterbuffer | W16: 0.25 | X16: 0.25 | Y16: 0.204 | Z16: 0.163 | AA16: 0.128 | AB16: 0.092 | AC16: 0.062
C17: Vrijstaand | F17: 7.54 | G17: 9.2 | H17: =F17*B17 | I17: =G17*B17 | J17: =F17*0.23*3*B17 | K17: =G17*0.23*3*B17 | O17: Name | P17: R | Q17: X | R17: Z (berekend) | S17: R | T17: X | U17: Z (berekend) | W17: 0.25 | X17: 0.25 | Y17: 0.25 | Z17: 0.25 | AA17: 0.25 | AB17: 0.218 | AC17: 0.171 | AD17: in meters | AI17: hulptabel
C18: Twee onder een kap | F18: 6.8 | G18: 7 | H18: =F18*B18 | I18: =G18*B18 | J18: =F18*0.23*3*B18 | K18: =G18*0.23*3*B18 | O18: 4*240mm2 Al | P18: 0.129 | Q18: 0.073 | R18: =SQRT(P18^2+Q18^2) | S18: =+P18*AD18/1000 | T18: =+AD18*Q18/1000 | V18: 359 | W18: =IF(W14<=V18+3,+AD18,"X") | X18: =IF(X14<=V18+3,+AD18,"X") | Y18: =IF(Y14<=V18+3,+AD18,"X") | Z18: =IF(Z14<=V18+3,+AD18,"X") | AA18: =IF(AA14<=V18+3,+AD18,"X") | AB18: =IF(AB14<=V18+3,+AD18,"X") | AC18: =IF(AC14<=V18+3,+AD18,"X") | AE18: 4*240mm2 Al | AG18: =IF(OR(W18=AD18,AND(AD18=0,W18="X")),"OK","niet OK") | AH18: =IF(OR(X18=AD18,AND(AD18=0,X18="X")),"OK","niet OK") | AI18: =IF(OR(Y18=AD18,AND(AD18=0,Y18="X")),"OK","niet OK") | AJ18: =IF(OR(Z18=AD18,AND(AD18=0,Z18="X")),"OK","niet OK") | AK18: =IF(OR(AA18=AD18,AND(AD18=0,AA18="X")),"OK","niet OK") | AL18: =IF(OR(AB18=AD18,AND(AD18=0,AB18="X")),"OK","niet OK") | AM18: =IF(OR(AC18=AD18,AND(AD18=0,AC18="X")),"OK","niet OK")
C19: Rijtjeswoning | F19: 6.3 | G19: 5.9 | H19: =F19*B19 | I19: =G19*B19 | J19: =F19*0.23*3*B19 | K19: =G19*0.23*3*B19 | O19: 4*150mm2 Al | P19: 0.206 | Q19: 0.079 | R19: =SQRT(P19^2+Q19^2) | S19: =+P19*AD19/1000 | T19: =+AD19*Q19/1000 | V19: 272 | W19: =IF(W14<=V19+3,+AD19,"X") | X19: =IF(X14<=V19+3,+AD19,"X") | Y19: =IF(Y14<=V19+3,+AD19,"X") | Z19: =IF(Z14<=V19+3,+AD19,"X") | AA19: =IF(AA14<=V19+3,+AD19,"X") | AB19: =IF(AB14<=V19+3,+AD19,"X") | AC19: =IF(AC14<=V19+3,+AD19,"X") | AE19: 4*150mm2 Al | AG19: =IF(OR(W19=AD19,AND(AD19=0,W19="X")),"OK","niet OK") | AH19: =IF(OR(X19=AD19,AND(AD19=0,X19="X")),"OK","niet OK") | AI19: =IF(OR(Y19=AD19,AND(AD19=0,Y19="X")),"OK","niet OK") | AJ19: =IF(OR(Z19=AD19,AND(AD19=0,Z19="X")),"OK","niet OK") | AK19: =IF(OR(AA19=AD19,AND(AD19=0,AA19="X")),"OK","niet OK") | AL19: =IF(OR(AB19=AD19,AND(AD19=0,AB19="X")),"OK","niet OK") | AM19: =IF(OR(AC19=AD19,AND(AD19=0,AC19="X")),"OK","niet OK")
C20: Onbekend | F20: 6.4 | G20: 5.9 | H20: =F20*B20 | I20: =G20*B20 | J20: =F20*0.23*3*B20 | K20: =G20*0.23*3*B20 | O20: 4*120mm2 Al | P20: 0.281 | Q20: 0.081 | R20: =SQRT(P20^2+Q20^2) | S20: =+P20*AD20/1000 | T20: =+AD20*Q20/1000 | V20: 243 | W20: =IF(W14<=V20+3,+AD20,"X") | X20: =IF(X14<=V20+3,+AD20,"X") | Y20: =IF(Y14<=V20+3,+AD20,"X") | Z20: =IF(Z14<=V20+3,+AD20,"X") | AA20: =IF(AA14<=V20+3,+AD20,"X") | AB20: =IF(AB14<=V20+3,+AD20,"X") | AC20: =IF(AC14<=V20+3,+AD20,"X") | AE20: 4*120mm2 Al | AG20: =IF(OR(W20=AD20,AND(AD20=0,W20="X")),"OK","niet OK") | AH20: =IF(OR(X20=AD20,AND(AD20=0,X20="X")),"OK","niet OK") | AI20: =IF(OR(Y20=AD20,AND(AD20=0,Y20="X")),"OK","niet OK") | AJ20: =IF(OR(Z20=AD20,AND(AD20=0,Z20="X")),"OK","niet OK") | AK20: =IF(OR(AA20=AD20,AND(AD20=0,AA20="X")),"OK","niet OK") | AL20: =IF(OR(AB20=AD20,AND(AD20=0,AB20="X")),"OK","niet OK") | AM20: =IF(OR(AC20=AD20,AND(AD20=0,AC20="X")),"OK","niet OK")
O21: 4*95mm2 Al | P21: 0.32 | Q21: 0.082 | R21: =SQRT(P21^2+Q21^2) | S21: =+P21*AD21/1000 | T21: =+AD21*Q21/1000 | V21: 213 | W21: =IF(W14<=V21+3,+AD21,"X") | X21: =IF(X14<=V21+3,+AD21,"X") | Y21: =IF(Y14<=V21+3,+AD21,"X") | Z21: =IF(Z14<=V21+3,+AD21,"X") | AA21: =IF(AA14<=V21+3,+AD21,"X") | AB21: =IF(AB14<=V21+3,+AD21,"X") | AC21: =IF(AC14<=V21+3,+AD21,"X") | AE21: 4*95mm2 Al | AG21: =IF(OR(W21=AD21,AND(AD21=0,W21="X")),"OK","niet OK") | AH21: =IF(OR(X21=AD21,AND(AD21=0,X21="X")),"OK","niet OK") | AI21: =IF(OR(Y21=AD21,AND(AD21=0,Y21="X")),"OK","niet OK") | AJ21: =IF(OR(Z21=AD21,AND(AD21=0,Z21="X")),"OK","niet OK") | AK21: =IF(OR(AA21=AD21,AND(AD21=0,AA21="X")),"OK","niet OK") | AL21: =IF(OR(AB21=AD21,AND(AD21=0,AB21="X")),"OK","niet OK") | AM21: =IF(OR(AC21=AD21,AND(AD21=0,AC21="X")),"OK","niet OK")
C22: Type 4: Hoogbouw huishoudens met collectieve warmtepomp, stads- of gasverwarming | O22: 4*70mm2 Al | P22: 0.443 | Q22: =(Q21+Q23)/2 | R22: =SQRT(P22^2+Q22^2) | S22: =+P22*AD22/1000 | T22: =+AD22*Q22/1000 | V22: 177 | W22: =IF(W14<=V22+3,+AD22,"X") | X22: =IF(X14<=V22+3,+AD22,"X") | Y22: =IF(Y14<=V22+3,+AD22,"X") | Z22: =IF(Z14<=V22+3,+AD22,"X") | AA22: =IF(AA14<=V22+3,+AD22,"X") | AB22: =IF(AB14<=V22+3,+AD22,"X") | AC22: =IF(AC14<=V22+3,+AD22,"X") | AE22: 4*70mm2 Al | AG22: =IF(OR(W22=AD22,AND(AD22=0,W22="X")),"OK","niet OK") | AH22: =IF(OR(X22=AD22,AND(AD22=0,X22="X")),"OK","niet OK") | AI22: =IF(OR(Y22=AD22,AND(AD22=0,Y22="X")),"OK","niet OK") | AJ22: =IF(OR(Z22=AD22,AND(AD22=0,Z22="X")),"OK","niet OK") | AK22: =IF(OR(AA22=AD22,AND(AD22=0,AA22="X")),"OK","niet OK") | AL22: =IF(OR(AB22=AD22,AND(AD22=0,AB22="X")),"OK","niet OK") | AM22: =IF(OR(AC22=AD22,AND(AD22=0,AC22="X")),"OK","niet OK")
C23: Appartement incl. publiek laden | F23: 3.4 | H23: =F23*B23 | J23: =F23*0.23*3*B23 | O23: 4*50mm2 Al | P23: 0.641 | Q23: 0.085 | R23: =SQRT(P23^2+Q23^2) | S23: =+P23*AD23/1000 | T23: =+AD23*Q23/1000 | V23: 144 | W23: =IF(W14<=V23+3,+AD23,"X") | X23: =IF(X14<=V23+3,+AD23,"X") | Y23: =IF(Y14<=V23+3,+AD23,"X") | Z23: =IF(Z14<=V23+3,+AD23,"X") | AA23: =IF(AA14<=V23+3,+AD23,"X") | AB23: =IF(AB14<=V23+3,+AD23,"X") | AC23: =IF(AC14<=V23+3,+AD23,"X") | AE23: 4*50mm2 Al | AG23: =IF(OR(W23=AD23,AND(AD23=0,W23="X")),"OK","niet OK") | AH23: =IF(OR(X23=AD23,AND(AD23=0,X23="X")),"OK","niet OK") | AI23: =IF(OR(Y23=AD23,AND(AD23=0,Y23="X")),"OK","niet OK") | AJ23: =IF(OR(Z23=AD23,AND(AD23=0,Z23="X")),"OK","niet OK") | AK23: =IF(OR(AA23=AD23,AND(AD23=0,AA23="X")),"OK","niet OK") | AL23: =IF(OR(AB23=AD23,AND(AD23=0,AB23="X")),"OK","niet OK") | AM23: =IF(OR(AC23=AD23,AND(AD23=0,AC23="X")),"OK","niet OK")
C24: Collectieve warmtepomp - elektrisch vermogen | H24: =J24*1000/(3*230) | O24: 4*35mm2 Al | P24: 0.868 | Q24: 0.101 | R24: =SQRT(P24^2+Q24^2) | S24: =+P24*AD24/1000 | T24: =+AD24*Q24/1000 | V24: 120 | W24: =IF(W14<=V24+3,+AD24,"X") | X24: =IF(X14<=V24+3,+AD24,"X") | Y24: =IF(Y14<=V24+3,+AD24,"X") | Z24: =IF(Z14<=V24+3,+AD24,"X") | AA24: =IF(AA14<=V24+3,+AD24,"X") | AB24: =IF(AB14<=V24+3,+AD24,"X") | AC24: =IF(AC14<=V24+3,+AD24,"X") | AE24: 4*35mm2 Al | AG24: =IF(OR(W24=AD24,AND(AD24=0,W24="X")),"OK","niet OK") | AH24: =IF(OR(X24=AD24,AND(AD24=0,X24="X")),"OK","niet OK") | AI24: =IF(OR(Y24=AD24,AND(AD24=0,Y24="X")),"OK","niet OK") | AJ24: =IF(OR(Z24=AD24,AND(AD24=0,Z24="X")),"OK","niet OK") | AK24: =IF(OR(AA24=AD24,AND(AD24=0,AA24="X")),"OK","niet OK") | AL24: =IF(OR(AB24=AD24,AND(AD24=0,AB24="X")),"OK","niet OK") | AM24: =IF(OR(AC24=AD24,AND(AD24=0,AC24="X")),"OK","niet OK")
O25: 4*25mm2 Al | P25: 1.2 | Q25: 0.094 | R25: =SQRT(P25^2+Q25^2) | S25: =+P25*AD25/1000 | T25: =+AD25*Q25/1000 | V25: 100 | W25: =IF(W14<=V25+3,+AD25,"X") | X25: =IF(X14<=V25+3,+AD25,"X") | Y25: =IF(Y14<=V25+3,+AD25,"X") | Z25: =IF(Z14<=V25+3,+AD25,"X") | AA25: =IF(AA14<=V25+3,+AD25,"X") | AB25: =IF(AB14<=V25+3,+AD25,"X") | AC25: =IF(AC14<=V25+3,+AD25,"X") | AE25: 4*25mm2 Al | AG25: =IF(OR(W25=AD25,AND(AD25=0,W25="X")),"OK","niet OK") | AH25: =IF(OR(X25=AD25,AND(AD25=0,X25="X")),"OK","niet OK") | AI25: =IF(OR(Y25=AD25,AND(AD25=0,Y25="X")),"OK","niet OK") | AJ25: =IF(OR(Z25=AD25,AND(AD25=0,Z25="X")),"OK","niet OK") | AK25: =IF(OR(AA25=AD25,AND(AD25=0,AA25="X")),"OK","niet OK") | AL25: =IF(OR(AB25=AD25,AND(AD25=0,AB25="X")),"OK","niet OK") | AM25: =IF(OR(AC25=AD25,AND(AD25=0,AC25="X")),"OK","niet OK")
C26: Type 5: Hoogbouw huishoudens t/m bouwjaar 2021 met een individuele warmtepomp | O26: 4*16mm2 Al | P26: 1.91 | Q26: 0.096 | R26: =SQRT(P26^2+Q26^2) | S26: =+P26*AD26/1000 | T26: =+AD26*Q26/1000 | V26: 78 | W26: =IF(W14<=V26+3,+AD26,"X") | X26: =IF(X14<=V26+3,+AD26,"X") | Y26: =IF(Y14<=V26+3,+AD26,"X") | Z26: =IF(Z14<=V26+3,+AD26,"X") | AA26: =IF(AA14<=V26+3,+AD26,"X") | AB26: =IF(AB14<=V26+3,+AD26,"X") | AC26: =IF(AC14<=V26+3,+AD26,"X") | AE26: 4*16mm2 Al | AG26: =IF(OR(W26=AD26,AND(AD26=0,W26="X")),"OK","niet OK") | AH26: =IF(OR(X26=AD26,AND(AD26=0,X26="X")),"OK","niet OK") | AI26: =IF(OR(Y26=AD26,AND(AD26=0,Y26="X")),"OK","niet OK") | AJ26: =IF(OR(Z26=AD26,AND(AD26=0,Z26="X")),"OK","niet OK") | AK26: =IF(OR(AA26=AD26,AND(AD26=0,AA26="X")),"OK","niet OK") | AL26: =IF(OR(AB26=AD26,AND(AD26=0,AB26="X")),"OK","niet OK") | AM26: =IF(OR(AC26=AD26,AND(AD26=0,AC26="X")),"OK","niet OK")
C27: Appartement incl. publiek laden | F27: 5.4 | H27: =F27*B27 | J27: =F27*0.23*3*B27
O28: 4*185mm2 Cu | P28: 0.107 | Q28: 0.068 | R28: =SQRT(P28^2+Q28^2) | S28: =+P28*AD28/1000 | T28: =+AD28*Q28/1000 | V28: 393 | W28: =IF(W14<=V28+3,+AD28,"X") | X28: =IF(X14<=V28+3,+AD28,"X") | Y28: =IF(Y14<=V28+3,+AD28,"X") | Z28: =IF(Z14<=V28+3,+AD28,"X") | AA28: =IF(AA14<=V28+3,+AD28,"X") | AB28: =IF(AB14<=V28+3,+AD28,"X") | AC28: =IF(AC14<=V28+3,+AD28,"X") | AE28: 4*185mm2 Cu | AG28: =IF(OR(W28=AD28,AND(AD28=0,W28="X")),"OK","niet OK") | AH28: =IF(OR(X28=AD28,AND(AD28=0,X28="X")),"OK","niet OK") | AI28: =IF(OR(Y28=AD28,AND(AD28=0,Y28="X")),"OK","niet OK") | AJ28: =IF(OR(Z28=AD28,AND(AD28=0,Z28="X")),"OK","niet OK") | AK28: =IF(OR(AA28=AD28,AND(AD28=0,AA28="X")),"OK","niet OK") | AL28: =IF(OR(AB28=AD28,AND(AD28=0,AB28="X")),"OK","niet OK") | AM28: =IF(OR(AC28=AD28,AND(AD28=0,AC28="X")),"OK","niet OK")
C29: Type 6: Nieuwbouw hoogbouw huishoudens vanaf bouwjaar 2022 met een individuele warmtepomp | O29: 4*150mm2 Cu | P29: 0.125 | Q29: 0.068 | R29: =SQRT(P29^2+Q29^2) | S29: =+P29*AD29/1000 | T29: =+AD29*Q29/1000 | V29: 348 | W29: =IF(W14<=V29+3,+AD29,"X") | X29: =IF(X14<=V29+3,+AD29,"X") | Y29: =IF(Y14<=V29+3,+AD29,"X") | Z29: =IF(Z14<=V29+3,+AD29,"X") | AA29: =IF(AA14<=V29+3,+AD29,"X") | AB29: =IF(AB14<=V29+3,+AD29,"X") | AC29: =IF(AC14<=V29+3,+AD29,"X") | AE29: 4*150mm2 Cu | AG29: =IF(OR(W29=AD29,AND(AD29=0,W29="X")),"OK","niet OK") | AH29: =IF(OR(X29=AD29,AND(AD29=0,X29="X")),"OK","niet OK") | AI29: =IF(OR(Y29=AD29,AND(AD29=0,Y29="X")),"OK","niet OK") | AJ29: =IF(OR(Z29=AD29,AND(AD29=0,Z29="X")),"OK","niet OK") | AK29: =IF(OR(AA29=AD29,AND(AD29=0,AA29="X")),"OK","niet OK") | AL29: =IF(OR(AB29=AD29,AND(AD29=0,AB29="X")),"OK","niet OK") | AM29: =IF(OR(AC29=AD29,AND(AD29=0,AC29="X")),"OK","niet OK")
C30: Appartement incl. publiek laden | F30: 5.1 | H30: =F30*B30 | J30: =F30*0.23*3*B30 | O30: 4*120mm2 Cu | P30: 0.152 | Q30: 0.069 | R30: 0.16692813 | S30: =+P30*AD30/1000 | T30: =+AD30*Q30/1000 | V30: 307 | W30: =IF(W14<=V30+3,+AD30,"X") | X30: =IF(X14<=V30+3,+AD30,"X") | Y30: =IF(Y14<=V30+3,+AD30,"X") | Z30: =IF(Z14<=V30+3,+AD30,"X") | AA30: =IF(AA14<=V30+3,+AD30,"X") | AB30: =IF(AB14<=V30+3,+AD30,"X") | AC30: =IF(AC14<=V30+3,+AD30,"X") | AE30: 4*120mm2 Cu | AG30: =IF(OR(W30=AD30,AND(AD30=0,W30="X")),"OK","niet OK") | AH30: =IF(OR(X30=AD30,AND(AD30=0,X30="X")),"OK","niet OK") | AI30: =IF(OR(Y30=AD30,AND(AD30=0,Y30="X")),"OK","niet OK") | AJ30: =IF(OR(Z30=AD30,AND(AD30=0,Z30="X")),"OK","niet OK") | AK30: =IF(OR(AA30=AD30,AND(AD30=0,AA30="X")),"OK","niet OK") | AL30: =IF(OR(AB30=AD30,AND(AD30=0,AB30="X")),"OK","niet OK") | AM30: =IF(OR(AC30=AD30,AND(AD30=0,AC30="X")),"OK","niet OK")
O31: 4*95mm2 Cu | P31: 0.194 | Q31: 0.069 | R31: =SQRT(P31^2+Q31^2) | S31: =+P31*AD31/1000 | T31: =+AD31*Q31/1000 | V31: 272 | W31: =IF(W14<=V31+3,+AD31,"X") | X31: =IF(X14<=V31+3,+AD31,"X") | Y31: =IF(Y14<=V31+3,+AD31,"X") | Z31: =IF(Z14<=V31+3,+AD31,"X") | AA31: =IF(AA14<=V31+3,+AD31,"X") | AB31: =IF(AB14<=V31+3,+AD31,"X") | AC31: =IF(AC14<=V31+3,+AD31,"X") | AE31: 4*95mm2 Cu | AG31: =IF(OR(W31=AD31,AND(AD31=0,W31="X")),"OK","niet OK") | AH31: =IF(OR(X31=AD31,AND(AD31=0,X31="X")),"OK","niet OK") | AI31: =IF(OR(Y31=AD31,AND(AD31=0,Y31="X")),"OK","niet OK") | AJ31: =IF(OR(Z31=AD31,AND(AD31=0,Z31="X")),"OK","niet OK") | AK31: =IF(OR(AA31=AD31,AND(AD31=0,AA31="X")),"OK","niet OK") | AL31: =IF(OR(AB31=AD31,AND(AD31=0,AB31="X")),"OK","niet OK") | AM31: =IF(OR(AC31=AD31,AND(AD31=0,AC31="X")),"OK","niet OK")
C32: Type 7: Laag- of hoogbouw met alternatieve verwarmingscomponenten (toeslag) | O32: 4*70mm2 Cu | P32: 0.268 | Q32: 0.072 | R32: =SQRT(P32^2+Q32^2) | S32: =+P32*AD32/1000 | T32: =+AD32*Q32/1000 | V32: 227 | W32: =IF(W14<=V32+3,+AD32,"X") | X32: =IF(X14<=V32+3,+AD32,"X") | Y32: =IF(Y14<=V32+3,+AD32,"X") | Z32: =IF(Z14<=V32+3,+AD32,"X") | AA32: =IF(AA14<=V32+3,+AD32,"X") | AB32: =IF(AB14<=V32+3,+AD32,"X") | AC32: =IF(AC14<=V32+3,+AD32,"X") | AE32: 4*70mm2 Cu | AG32: =IF(OR(W32=AD32,AND(AD32=0,W32="X")),"OK","niet OK") | AH32: =IF(OR(X32=AD32,AND(AD32=0,X32="X")),"OK","niet OK") | AI32: =IF(OR(Y32=AD32,AND(AD32=0,Y32="X")),"OK","niet OK") | AJ32: =IF(OR(Z32=AD32,AND(AD32=0,Z32="X")),"OK","niet OK") | AK32: =IF(OR(AA32=AD32,AND(AD32=0,AA32="X")),"OK","niet OK") | AL32: =IF(OR(AB32=AD32,AND(AD32=0,AB32="X")),"OK","niet OK") | AM32: =IF(OR(AC32=AD32,AND(AD32=0,AC32="X")),"OK","niet OK")
C33: Aantal * elektrisch vermogen verwarmingscomponent * gelijktijdigheidsfactor tabel type 7 | H33: =J33*1000/(3*230) | O33: 4*50mm2 Cu | P33: 0.387 | Q33: 0.085 | R33: =SQRT(P33^2+Q33^2) | S33: =+P33*AD33/1000 | T33: =+AD33*Q33/1000 | V33: 182 | W33: =IF(W14<=V33+3,+AD33,"X") | X33: =IF(X14<=V33+3,+AD33,"X") | Y33: =IF(Y14<=V33+3,+AD33,"X") | Z33: =IF(Z14<=V33+3,+AD33,"X") | AA33: =IF(AA14<=V33+3,+AD33,"X") | AB33: =IF(AB14<=V33+3,+AD33,"X") | AC33: =IF(AC14<=V33+3,+AD33,"X") | AE33: 4*50mm2 Cu | AG33: =IF(OR(W33=AD33,AND(AD33=0,W33="X")),"OK","niet OK") | AH33: =IF(OR(X33=AD33,AND(AD33=0,X33="X")),"OK","niet OK") | AI33: =IF(OR(Y33=AD33,AND(AD33=0,Y33="X")),"OK","niet OK") | AJ33: =IF(OR(Z33=AD33,AND(AD33=0,Z33="X")),"OK","niet OK") | AK33: =IF(OR(AA33=AD33,AND(AD33=0,AA33="X")),"OK","niet OK") | AL33: =IF(OR(AB33=AD33,AND(AD33=0,AB33="X")),"OK","niet OK") | AM33: =IF(OR(AC33=AD33,AND(AD33=0,AC33="X")),"OK","niet OK")
O34: 4*35mm2 Cu | P34: 0.524 | Q34: 0.1 | R34: =SQRT(P34^2+Q34^2) | S34: =+P34*AD34/1000 | T34: =+AD34*Q34/1000 | V34: 154 | W34: =IF(W14<=V34+3,+AD34,"X") | X34: =IF(X14<=V34+3,+AD34,"X") | Y34: =IF(Y14<=V34+3,+AD34,"X") | Z34: =IF(Z14<=V34+3,+AD34,"X") | AA34: =IF(AA14<=V34+3,+AD34,"X") | AB34: =IF(AB14<=V34+3,+AD34,"X") | AC34: =IF(AC14<=V34+3,+AD34,"X") | AE34: 4*35mm2 Cu | AG34: =IF(OR(W34=AD34,AND(AD34=0,W34="X")),"OK","niet OK") | AH34: =IF(OR(X34=AD34,AND(AD34=0,X34="X")),"OK","niet OK") | AI34: =IF(OR(Y34=AD34,AND(AD34=0,Y34="X")),"OK","niet OK") | AJ34: =IF(OR(Z34=AD34,AND(AD34=0,Z34="X")),"OK","niet OK") | AK34: =IF(OR(AA34=AD34,AND(AD34=0,AA34="X")),"OK","niet OK") | AL34: =IF(OR(AB34=AD34,AND(AD34=0,AB34="X")),"OK","niet OK") | AM34: =IF(OR(AC34=AD34,AND(AD34=0,AC34="X")),"OK","niet OK")
C35: Type 8: Kleinzakelijk (niet-huishoudelijk t/m 3x80A) | O35: 4*25mm2 Cu | P35: 0.727 | Q35: 0.094 | R35: =SQRT(P35^2+Q35^2) | S35: =+P35*AD35/1000 | T35: =+AD35*Q35/1000 | V35: 128 | W35: =IF(W14<=V35+3,+AD35,"X") | X35: =IF(X14<=V35+3,+AD35,"X") | Y35: =IF(Y14<=V35+3,+AD35,"X") | Z35: =IF(Z14<=V35+3,+AD35,"X") | AA35: =IF(AA14<=V35+3,+AD35,"X") | AB35: =IF(AB14<=V35+3,+AD35,"X") | AC35: =IF(AC14<=V35+3,+AD35,"X") | AE35: 4*25mm2 Cu | AG35: =IF(OR(W35=AD35,AND(AD35=0,W35="X")),"OK","niet OK") | AH35: =IF(OR(X35=AD35,AND(AD35=0,X35="X")),"OK","niet OK") | AI35: =IF(OR(Y35=AD35,AND(AD35=0,Y35="X")),"OK","niet OK") | AJ35: =IF(OR(Z35=AD35,AND(AD35=0,Z35="X")),"OK","niet OK") | AK35: =IF(OR(AA35=AD35,AND(AD35=0,AA35="X")),"OK","niet OK") | AL35: =IF(OR(AB35=AD35,AND(AD35=0,AB35="X")),"OK","niet OK") | AM35: =IF(OR(AC35=AD35,AND(AD35=0,AC35="X")),"OK","niet OK")
C36: Huidige aansluitwaarde: < 3x35A | D36: G4, G6, geen of ander gas | F36: 8.7 | G36: 8.7 | H36: =F36*B36 | I36: =G36*B36 | J36: =F36*0.23*3*B36 | K36: =G36*0.23*3*B36 | O36: 4*16mm2 Cu | P36: 1.15 | Q36: 0.097 | R36: =SQRT(P36^2+Q36^2) | S36: =+P36*AD36/1000 | T36: =+AD36*Q36/1000 | V36: 99 | W36: =IF(W14<=V36+3,+AD36,"X") | X36: =IF(X14<=V36+3,+AD36,"X") | Y36: =IF(Y14<=V36+3,+AD36,"X") | Z36: =IF(Z14<=V36+3,+AD36,"X") | AA36: =IF(AA14<=V36+3,+AD36,"X") | AB36: =IF(AB14<=V36+3,+AD36,"X") | AC36: =IF(AC14<=V36+3,+AD36,"X") | AE36: 4*16mm2 Cu | AG36: =IF(OR(W36=AD36,AND(AD36=0,W36="X")),"OK","niet OK") | AH36: =IF(OR(X36=AD36,AND(AD36=0,X36="X")),"OK","niet OK") | AI36: =IF(OR(Y36=AD36,AND(AD36=0,Y36="X")),"OK","niet OK") | AJ36: =IF(OR(Z36=AD36,AND(AD36=0,Z36="X")),"OK","niet OK") | AK36: =IF(OR(AA36=AD36,AND(AD36=0,AA36="X")),"OK","niet OK") | AL36: =IF(OR(AB36=AD36,AND(AD36=0,AB36="X")),"OK","niet OK") | AM36: =IF(OR(AC36=AD36,AND(AD36=0,AC36="X")),"OK","niet OK")
C37: Huidige aansluitwaarde: < 3x35A | D37: G10 t/m G25 | F37: 44 | G37: 44 | H37: =F37*B37 | I37: =G37*B37 | J37: =F37*0.23*3*B37 | K37: =G37*0.23*3*B37
C38: Huidige aansluitwaarde: < 3x35A | D38: > G25 | F38: 65 | G38: 65 | H38: =F38*B38 | I38: =G38*B38 | J38: =F38*0.23*3*B38 | K38: =G38*0.23*3*B38 | O38: totale samengestelde impedantie | S38: =SUM(S18:S37) | T38: =SUM(T18:T37) | U38: =SQRT(S38^2+T38^2) | W38: =IF(U38<=W16,"OK","niet OK") | X38: =IF(U38<=X16,"OK","niet OK") | Y38: =IF(U38<=Y16,"OK","niet OK") | Z38: =IF(U38<=Z16,"OK","niet OK") | AA38: =IF(U38<=AA16,"OK","niet OK") | AB38: =IF(U38<=AB16,"OK","niet OK") | AC38: =IF(U38<=AC16,"OK","niet OK") | AD38: t.a.v. totale impedantie passieve trafo en gG
C39: Huidige aansluitwaarde: 3x35A t/m 3x40A | D39: G4, G6, geen of ander gas | F39: 32 | G39: 32 | H39: =F39*B39 | I39: =G39*B39 | J39: =F39*0.23*3*B39 | K39: =G39*0.23*3*B39 | W39: =IF(U38<=W17,"OK","niet OK") | X39: =IF(U38<=X17,"OK","niet OK") | Y39: =IF(U38<=Y17,"OK","niet OK") | Z39: =IF(U38<=Z17,"OK","niet OK") | AA39: =IF(U38<=AA17,"OK","niet OK") | AB39: =IF(U38<=AB17,"OK","niet OK") | AC39: =IF(U38<=AC17,"OK","niet OK") | AD39: t.a.v. totale impedantie regeltrafo en gFF
C40: Huidige aansluitwaarde: 3x35A t/m 3x40A | D40: G10 t/m G25 | F40: 65 | G40: 65 | H40: =F40*B40 | I40: =G40*B40 | J40: =F40*0.23*3*B40 | K40: =G40*0.23*3*B40 | W40: =IF(AND(AG18="OK",AG19="OK",AG20="OK",AG21="OK",AG22="OK",AG23="OK",AG24="OK",AG25="OK",AG26="OK",AG28="OK",AG29="OK",AG31="OK",AG32="OK",AG33="OK",AG34="OK",AG35="OK",AG36="OK"),"OK","niet OK") | X40: =IF(AND(AH18="OK",AH19="OK",AH20="OK",AH21="OK",AH22="OK",AH23="OK",AH24="OK",AH25="OK",AH26="OK",AH28="OK",AH29="OK",AH31="OK",AH32="OK",AH33="OK",AH34="OK",AH35="OK",AH36="OK"),"OK","niet OK") | Y40: =IF(AND(AI18="OK",AI19="OK",AI20="OK",AI21="OK",AI22="OK",AI23="OK",AI24="OK",AI25="OK",AI26="OK",AI28="OK",AI29="OK",AI31="OK",AI32="OK",AI33="OK",AI34="OK",AI35="OK",AI36="OK"),"OK","niet OK") | Z40: =IF(AND(AJ18="OK",AJ19="OK",AJ20="OK",AJ21="OK",AJ22="OK",AJ23="OK",AJ24="OK",AJ25="OK",AJ26="OK",AJ28="OK",AJ29="OK",AJ31="OK",AJ32="OK",AJ33="OK",AJ34="OK",AJ35="OK",AJ36="OK"),"OK","niet OK") | AA40: =IF(AND(AK18="OK",AK19="OK",AK20="OK",AK21="OK",AK22="OK",AK23="OK",AK24="OK",AK25="OK",AK26="OK",AK28="OK",AK29="OK",AK31="OK",AK32="OK",AK33="OK",AK34="OK",AK35="OK",AK36="OK"),"OK","niet OK") | AB40: =IF(AND(AL18="OK",AL19="OK",AL20="OK",AL21="OK",AL22="OK",AL23="OK",AL24="OK",AL25="OK",AL26="OK",AL28="OK",AL29="OK",AL31="OK",AL32="OK",AL33="OK",AL34="OK",AL35="OK",AL36="OK"),"OK","niet OK") | AC40: =IF(AND(AM18="OK",AM19="OK",AM20="OK",AM21="OK",AM22="OK",AM23="OK",AM24="OK",AM25="OK",AM26="OK",AM28="OK",AM29="OK",AM31="OK",AM32="OK",AM33="OK",AM34="OK",AM35="OK",AM36="OK"),"OK","niet OK") | AD40: t.a.v. ontwerpstroom
C41: Huidige aansluitwaarde: 3x35A t/m 3x40A | D41: > G25 | F41: 65 | G41: 65 | H41: =F41*B41 | I41: =G41*B41 | J41: =F41*0.23*3*B41 | K41: =G41*0.23*3*B41 | W41: =IF(AND(W38="OK",W40="OK"),"JA","NEE") | X41: =IF(AND(X38="OK",X40="OK"),"JA","NEE") | Y41: =IF(AND(Y38="OK",Y40="OK"),"JA","NEE") | Z41: =IF(AND(Z38="OK",Z40="OK"),"JA","NEE") | AA41: =IF(AND(AA38="OK",AA40="OK"),"JA","NEE") | AB41: =IF(AND(AB38="OK",AB40="OK"),"JA","NEE") | AC41: =IF(AND(AC38="OK",AC40="OK"),"JA","NEE") | AD41: voldoet aan beide / toegestaan met passieve transformator en gG zekeringen?
C42: Huidige aansluitwaarde: 3x50A | D42: G4, G6, geen of ander gas | F42: 44 | G42: 44 | H42: =F42*B42 | I42: =G42*B42 | J42: =F42*0.23*3*B42 | K42: =G42*0.23*3*B42 | W42: =IF(AND(W39="OK",W40="OK"),"JA","NEE") | X42: =IF(AND(X39="OK",X40="OK"),"JA","NEE") | Y42: =IF(AND(Y39="OK",Y40="OK"),"JA","NEE") | Z42: =IF(AND(Z39="OK",Z40="OK"),"JA","NEE") | AA42: =IF(AND(AA39="OK",AA40="OK"),"JA","NEE") | AB42: =IF(AND(AB39="OK",AB40="OK"),"JA","NEE") | AC42: =IF(AND(AC39="OK",AC40="OK"),"JA","NEE") | AD42: voldoet aan beide / toegestaan met regeltransformator en gFF zekeringen?
C43: Huidige aansluitwaarde: 3x50A | D43: G10 t/m G25 | F43: 65 | G43: 65 | H43: =F43*B43 | I43: =G43*B43 | J43: =F43*0.23*3*B43 | K43: =G43*0.23*3*B43
C44: Huidige aansluitwaarde: 3x50A | D44: > G25 | F44: 65 | G44: 65 | H44: =F44*B44 | I44: =G44*B44 | J44: =F44*0.23*3*B44 | K44: =G44*0.23*3*B44
C45: Huidige aansluitwaarde: 3x63A | D45: G4, G6, geen of ander gas | F45: 51 | G45: 51 | H45: =F45*B45 | I45: =G45*B45 | J45: =F45*0.23*3*B45 | K45: =G45*0.23*3*B45
C46: Huidige aansluitwaarde: 3x63A | D46: G10 t/m G25 | F46: 65 | G46: 65 | H46: =F46*B46 | I46: =G46*B46 | J46: =F46*0.23*3*B46 | K46: =G46*0.23*3*B46 | O46: Belasting geconcentreerd op de laatste helft van de kabel (75%), gebaseerd op tabellen 7 en 9 uit kader Eea-0205.K
C47: Huidige aansluitwaarde: 3x63A | D47: > G25 | F47: 65 | G47: 65 | H47: =F47*B47 | I47: =G47*B47 | J47: =F47*0.23*3*B47 | K47: =G47*0.23*3*B47 | O47: Er moet wel sprake zijn van zogenaamde kabelverjonging, d.w.z. de zwaardere kabels aan het begin van de kabelgroep en de dunnere kabels op het eind van de kabelgroep.
C48: Huidige aansluitwaarde: 3x80A | D48: G4, G6, geen of ander gas | F48: 65 | G48: 65 | H48: =F48*B48 | I48: =G48*B48 | J48: =F48*0.23*3*B48 | K48: =G48*0.23*3*B48
C49: Huidige aansluitwaarde: 3x80A | D49: G10 t/m G25 | F49: 65 | G49: 65 | H49: =F49*B49 | I49: =G49*B49 | J49: =F49*0.23*3*B49 | K49: =G49*0.23*3*B49
C50: Huidige aansluitwaarde: 3x80A | D50: > G25 | F50: 65 | G50: 65 | H50: =F50*B50 | I50: =G50*B50 | J50: =F50*0.23*3*B50 | K50: =G50*0.23*3*B50
C52: Type 9: Grootverbruik LS (eigen richting >3x80A)
C53: Huidige aansluitwaarde: 3x100A | D53: G4, G6, geen of ander gas | F53: 85 | G53: 85 | H53: =F53*B53 | I53: =G53*B53 | J53: =F53*0.23*3*B53 | K53: =G53*0.23*3*B53
D54: G10 t/m G25 | F54: 210 | G54: 210 | H54: =F54*B54 | I54: =G54*B54 | J54: =F54*0.23*3*B54 | K54: =G54*0.23*3*B54
D55: > G25 | F55: 210 | G55: 210 | H55: =F55*B55 | I55: =G55*B55 | J55: =F55*0.23*3*B55 | K55: =G55*0.23*3*B55
C56: Huidige aansluitwaarde: 3x125A | D56: G4, G6, geen of ander gas | F56: 106 | G56: 106 | H56: =F56*B56 | I56: =G56*B56 | J56: =F56*0.23*3*B56 | K56: =G56*0.23*3*B56 | O56: ontwerpstroom | W56: t/m 57A | X56: t/m 72A | Y56: t/m 90A | Z56: t/m 113A | AA56: t/m 144A | AB56: t/m 180A | AC56: t/m 225A
D57: G10 t/m G25 | F57: 210 | G57: 210 | H57: =F57*B57 | I57: =G57*B57 | J57: =F57*0.23*3*B57 | K57: =G57*0.23*3*B57 | O57: smeltveiligheid Inom | W57: 63A | X57: 80A | Y57: 100A | Z57: 125A | AA57: 160A | AB57: 200A | AC57: 250A | AD57: invoer
D58: > G25 | F58: 210 | G58: 210 | H58: =F58*B58 | I58: =G58*B58 | J58: =F58*0.23*3*B58 | K58: =G58*0.23*3*B58 | P58: waarden per 1000m | S58: waarden o.b.v. kabellengte | W58: 63 | X58: 80 | Y58: 100 | Z58: 125 | AA58: 160 | AB58: 200 | AC58: 250 | AD58: kabellengtes
C59: Huidige aansluitwaarde: 3x160A | D59: G4, G6, geen of ander gas | F59: 138 | G59: 138 | H59: =F59*B59 | I59: =G59*B59 | J59: =F59*0.23*3*B59 | K59: =G59*0.23*3*B59 | P59: ohm | Q59: ohm | R59: ohm | S59: ohm | T59: ohm | U59: ohm | V59: A | W59: ohm | X59: ohm | Y59: ohm | Z59: ohm | AA59: ohm | AB59: ohm | AC59: ohm | AD59: per doorsnede
D60: G10 t/m G25 | F60: 210 | G60: 210 | H60: =F60*B60 | I60: =G60*B60 | J60: =F60*0.23*3*B60 | K60: =G60*0.23*3*B60 | W60: 0.215 | X60: 0.17 | Y60: 0.136 | Z60: 0.109 | AA60: 0.085 | AB60: 0.068 | AC60: 0.055
D61: > G25 | F61: 210 | G61: 210 | H61: =F61*B61 | I61: =G61*B61 | J61: =F61*0.23*3*B61 | K61: =G61*0.23*3*B61 | O61: Name | P61: R | Q61: X | R61: Z (berekend) | S61: R | T61: X | U61: Z (berekend) | W61: 0.25 | X61: 0.25 | Y61: 0.25 | Z61: 0.25 | AA61: 0.213 | AB61: 0.17 | AC61: 0.136 | AD61: in meters | AI61: hulptabel
C62: Huidige aansluitwaarde: 3x200A | D62: G4, G6, geen of ander gas | F62: 210 | G62: 210 | H62: =F62*B62 | I62: =G62*B62 | J62: =F62*0.23*3*B62 | K62: =G62*0.23*3*B62 | O62: 4*240mm2 Al | P62: 0.129 | Q62: 0.073 | R62: =SQRT(P62^2+Q62^2) | S62: =+P62*AD62/1000 | T62: =+AD62*Q62/1000 | V62: 359 | W62: =IF(W58<=V62+3,+AD62,"X") | X62: =IF(X58<=V62+3,+AD62,"X") | Y62: =IF(Y58<=V62+3,+AD62,"X") | Z62: =IF(Z58<=V62+3,+AD62,"X") | AA62: =IF(AA58<=V62+3,+AD62,"X") | AB62: =IF(AB58<=V62+3,+AD62,"X") | AC62: =IF(AC58<=V62+3,+AD62,"X") | AE62: 4*240mm2 Al | AG62: =IF(OR(W62=AD62,AND(AD62=0,W62="X")),"OK","niet OK") | AH62: =IF(OR(X62=AD62,AND(AD62=0,X62="X")),"OK","niet OK") | AI62: =IF(OR(Y62=AD62,AND(AD62=0,Y62="X")),"OK","niet OK") | AJ62: =IF(OR(Z62=AD62,AND(AD62=0,Z62="X")),"OK","niet OK") | AK62: =IF(OR(AA62=AD62,AND(AD62=0,AA62="X")),"OK","niet OK") | AL62: =IF(OR(AB62=AD62,AND(AD62=0,AB62="X")),"OK","niet OK") | AM62: =IF(OR(AC62=AD62,AND(AD62=0,AC62="X")),"OK","niet OK")
D63: G10 t/m G25 | F63: 210 | G63: 210 | H63: =F63*B63 | I63: =G63*B63 | J63: =F63*0.23*3*B63 | K63: =G63*0.23*3*B63 | O63: 4*150mm2 Al | P63: 0.206 | Q63: 0.079 | R63: =SQRT(P63^2+Q63^2) | S63: =+P63*AD63/1000 | T63: =+AD63*Q63/1000 | V63: 272 | W63: =IF(W58<=V63+3,+AD63,"X") | X63: =IF(X58<=V63+3,+AD63,"X") | Y63: =IF(Y58<=V63+3,+AD63,"X") | Z63: =IF(Z58<=V63+3,+AD63,"X") | AA63: =IF(AA58<=V63+3,+AD63,"X") | AB63: =IF(AB58<=V63+3,+AD63,"X") | AC63: =IF(AC58<=V63+3,+AD63,"X") | AE63: 4*150mm2 Al | AG63: =IF(OR(W63=AD63,AND(AD63=0,W63="X")),"OK","niet OK") | AH63: =IF(OR(X63=AD63,AND(AD63=0,X63="X")),"OK","niet OK") | AI63: =IF(OR(Y63=AD63,AND(AD63=0,Y63="X")),"OK","niet OK") | AJ63: =IF(OR(Z63=AD63,AND(AD63=0,Z63="X")),"OK","niet OK") | AK63: =IF(OR(AA63=AD63,AND(AD63=0,AA63="X")),"OK","niet OK") | AL63: =IF(OR(AB63=AD63,AND(AD63=0,AB63="X")),"OK","niet OK") | AM63: =IF(OR(AC63=AD63,AND(AD63=0,AC63="X")),"OK","niet OK")
D64: > G25 | F64: 210 | G64: 210 | H64: =F64*B64 | I64: =G64*B64 | J64: =F64*0.23*3*B64 | K64: =G64*0.23*3*B64 | O64: 4*120mm2 Al | P64: 0.281 | Q64: 0.081 | R64: =SQRT(P64^2+Q64^2) | S64: =+P64*AD64/1000 | T64: =+AD64*Q64/1000 | V64: 243 | W64: =IF(W58<=V64+3,+AD64,"X") | X64: =IF(X58<=V64+3,+AD64,"X") | Y64: =IF(Y58<=V64+3,+AD64,"X") | Z64: =IF(Z58<=V64+3,+AD64,"X") | AA64: =IF(AA58<=V64+3,+AD64,"X") | AB64: =IF(AB58<=V64+3,+AD64,"X") | AC64: =IF(AC58<=V64+3,+AD64,"X") | AE64: 4*120mm2 Al | AG64: =IF(OR(W64=AD64,AND(AD64=0,W64="X")),"OK","niet OK") | AH64: =IF(OR(X64=AD64,AND(AD64=0,X64="X")),"OK","niet OK") | AI64: =IF(OR(Y64=AD64,AND(AD64=0,Y64="X")),"OK","niet OK") | AJ64: =IF(OR(Z64=AD64,AND(AD64=0,Z64="X")),"OK","niet OK") | AK64: =IF(OR(AA64=AD64,AND(AD64=0,AA64="X")),"OK","niet OK") | AL64: =IF(OR(AB64=AD64,AND(AD64=0,AB64="X")),"OK","niet OK") | AM64: =IF(OR(AC64=AD64,AND(AD64=0,AC64="X")),"OK","niet OK")
C65: Huidige aansluitwaarde: 3x250A | D65: G4, G6, geen of ander gas | F65: 210 | G65: 210 | H65: =F65*B65 | I65: =G65*B65 | J65: =F65*0.23*3*B65 | K65: =G65*0.23*3*B65 | O65: 4*95mm2 Al | P65: 0.32 | Q65: 0.082 | R65: =SQRT(P65^2+Q65^2) | S65: =+P65*AD65/1000 | T65: =+AD65*Q65/1000 | V65: 213 | W65: =IF(W58<=V65+3,+AD65,"X") | X65: =IF(X58<=V65+3,+AD65,"X") | Y65: =IF(Y58<=V65+3,+AD65,"X") | Z65: =IF(Z58<=V65+3,+AD65,"X") | AA65: =IF(AA58<=V65+3,+AD65,"X") | AB65: =IF(AB58<=V65+3,+AD65,"X") | AC65: =IF(AC58<=V65+3,+AD65,"X") | AE65: 4*95mm2 Al | AG65: =IF(OR(W65=AD65,AND(AD65=0,W65="X")),"OK","niet OK") | AH65: =IF(OR(X65=AD65,AND(AD65=0,X65="X")),"OK","niet OK") | AI65: =IF(OR(Y65=AD65,AND(AD65=0,Y65="X")),"OK","niet OK") | AJ65: =IF(OR(Z65=AD65,AND(AD65=0,Z65="X")),"OK","niet OK") | AK65: =IF(OR(AA65=AD65,AND(AD65=0,AA65="X")),"OK","niet OK") | AL65: =IF(OR(AB65=AD65,AND(AD65=0,AB65="X")),"OK","niet OK") | AM65: =IF(OR(AC65=AD65,AND(AD65=0,AC65="X")),"OK","niet OK")
D66: G10 t/m G25 | F66: 210 | G66: 210 | H66: =F66*B66 | I66: =G66*B66 | J66: =F66*0.23*3*B66 | K66: =G66*0.23*3*B66 | O66: 4*70mm2 Al | P66: 0.443 | Q66: =(Q65+Q67)/2 | R66: =SQRT(P66^2+Q66^2) | S66: =+P66*AD66/1000 | T66: =+AD66*Q66/1000 | V66: 177 | W66: =IF(W58<=V66+3,+AD66,"X") | X66: =IF(X58<=V66+3,+AD66,"X") | Y66: =IF(Y58<=V66+3,+AD66,"X") | Z66: =IF(Z58<=V66+3,+AD66,"X") | AA66: =IF(AA58<=V66+3,+AD66,"X") | AB66: =IF(AB58<=V66+3,+AD66,"X") | AC66: =IF(AC58<=V66+3,+AD66,"X") | AE66: 4*70mm2 Al | AG66: =IF(OR(W66=AD66,AND(AD66=0,W66="X")),"OK","niet OK") | AH66: =IF(OR(X66=AD66,AND(AD66=0,X66="X")),"OK","niet OK") | AI66: =IF(OR(Y66=AD66,AND(AD66=0,Y66="X")),"OK","niet OK") | AJ66: =IF(OR(Z66=AD66,AND(AD66=0,Z66="X")),"OK","niet OK") | AK66: =IF(OR(AA66=AD66,AND(AD66=0,AA66="X")),"OK","niet OK") | AL66: =IF(OR(AB66=AD66,AND(AD66=0,AB66="X")),"OK","niet OK") | AM66: =IF(OR(AC66=AD66,AND(AD66=0,AC66="X")),"OK","niet OK")
D67: > G25 | F67: 210 | G67: 210 | H67: =F67*B67 | I67: =G67*B67 | J67: =F67*0.23*3*B67 | K67: =G67*0.23*3*B67 | O67: 4*50mm2 Al | P67: 0.641 | Q67: 0.085 | R67: =SQRT(P67^2+Q67^2) | S67: =+P67*AD67/1000 | T67: =+AD67*Q67/1000 | V67: 144 | W67: =IF(W58<=V67+3,+AD67,"X") | X67: =IF(X58<=V67+3,+AD67,"X") | Y67: =IF(Y58<=V67+3,+AD67,"X") | Z67: =IF(Z58<=V67+3,+AD67,"X") | AA67: =IF(AA58<=V67+3,+AD67,"X") | AB67: =IF(AB58<=V67+3,+AD67,"X") | AC67: =IF(AC58<=V67+3,+AD67,"X") | AE67: 4*50mm2 Al | AG67: =IF(OR(W67=AD67,AND(AD67=0,W67="X")),"OK","niet OK") | AH67: =IF(OR(X67=AD67,AND(AD67=0,X67="X")),"OK","niet OK") | AI67: =IF(OR(Y67=AD67,AND(AD67=0,Y67="X")),"OK","niet OK") | AJ67: =IF(OR(Z67=AD67,AND(AD67=0,Z67="X")),"OK","niet OK") | AK67: =IF(OR(AA67=AD67,AND(AD67=0,AA67="X")),"OK","niet OK") | AL67: =IF(OR(AB67=AD67,AND(AD67=0,AB67="X")),"OK","niet OK") | AM67: =IF(OR(AC67=AD67,AND(AD67=0,AC67="X")),"OK","niet OK")
O68: 4*35mm2 Al | P68: 0.868 | Q68: 0.101 | R68: =SQRT(P68^2+Q68^2) | S68: =+P68*AD68/1000 | T68: =+AD68*Q68/1000 | V68: 120 | W68: =IF(W58<=V68+3,+AD68,"X") | X68: =IF(X58<=V68+3,+AD68,"X") | Y68: =IF(Y58<=V68+3,+AD68,"X") | Z68: =IF(Z58<=V68+3,+AD68,"X") | AA68: =IF(AA58<=V68+3,+AD68,"X") | AB68: =IF(AB58<=V68+3,+AD68,"X") | AC68: =IF(AC58<=V68+3,+AD68,"X") | AE68: 4*35mm2 Al | AG68: =IF(OR(W68=AD68,AND(AD68=0,W68="X")),"OK","niet OK") | AH68: =IF(OR(X68=AD68,AND(AD68=0,X68="X")),"OK","niet OK") | AI68: =IF(OR(Y68=AD68,AND(AD68=0,Y68="X")),"OK","niet OK") | AJ68: =IF(OR(Z68=AD68,AND(AD68=0,Z68="X")),"OK","niet OK") | AK68: =IF(OR(AA68=AD68,AND(AD68=0,AA68="X")),"OK","niet OK") | AL68: =IF(OR(AB68=AD68,AND(AD68=0,AB68="X")),"OK","niet OK") | AM68: =IF(OR(AC68=AD68,AND(AD68=0,AC68="X")),"OK","niet OK")
C69: Type 10: Netbewust publiek laden | O69: 4*25mm2 Al | P69: 1.2 | Q69: 0.094 | R69: =SQRT(P69^2+Q69^2) | S69: =+P69*AD69/1000 | T69: =+AD69*Q69/1000 | V69: 100 | W69: =IF(W58<=V69+3,+AD69,"X") | X69: =IF(X58<=V69+3,+AD69,"X") | Y69: =IF(Y58<=V69+3,+AD69,"X") | Z69: =IF(Z58<=V69+3,+AD69,"X") | AA69: =IF(AA58<=V69+3,+AD69,"X") | AB69: =IF(AB58<=V69+3,+AD69,"X") | AC69: =IF(AC58<=V69+3,+AD69,"X") | AE69: 4*25mm2 Al | AG69: =IF(OR(W69=AD69,AND(AD69=0,W69="X")),"OK","niet OK") | AH69: =IF(OR(X69=AD69,AND(AD69=0,X69="X")),"OK","niet OK") | AI69: =IF(OR(Y69=AD69,AND(AD69=0,Y69="X")),"OK","niet OK") | AJ69: =IF(OR(Z69=AD69,AND(AD69=0,Z69="X")),"OK","niet OK") | AK69: =IF(OR(AA69=AD69,AND(AD69=0,AA69="X")),"OK","niet OK") | AL69: =IF(OR(AB69=AD69,AND(AD69=0,AB69="X")),"OK","niet OK") | AM69: =IF(OR(AC69=AD69,AND(AD69=0,AC69="X")),"OK","niet OK")
C70: Aansluiting 3x25A | F70: 4.8 | H70: =F70*B70 | J70: =F70*0.23*3*B70 | O70: 4*16mm2 Al | P70: 1.91 | Q70: 0.096 | R70: =SQRT(P70^2+Q70^2) | S70: =+P70*AD70/1000 | T70: =+AD70*Q70/1000 | V70: 78 | W70: =IF(W58<=V70+3,+AD70,"X") | X70: =IF(X58<=V70+3,+AD70,"X") | Y70: =IF(Y58<=V70+3,+AD70,"X") | Z70: =IF(Z58<=V70+3,+AD70,"X") | AA70: =IF(AA58<=V70+3,+AD70,"X") | AB70: =IF(AB58<=V70+3,+AD70,"X") | AC70: =IF(AC58<=V70+3,+AD70,"X") | AE70: 4*16mm2 Al | AG70: =IF(OR(W70=AD70,AND(AD70=0,W70="X")),"OK","niet OK") | AH70: =IF(OR(X70=AD70,AND(AD70=0,X70="X")),"OK","niet OK") | AI70: =IF(OR(Y70=AD70,AND(AD70=0,Y70="X")),"OK","niet OK") | AJ70: =IF(OR(Z70=AD70,AND(AD70=0,Z70="X")),"OK","niet OK") | AK70: =IF(OR(AA70=AD70,AND(AD70=0,AA70="X")),"OK","niet OK") | AL70: =IF(OR(AB70=AD70,AND(AD70=0,AB70="X")),"OK","niet OK") | AM70: =IF(OR(AC70=AD70,AND(AD70=0,AC70="X")),"OK","niet OK")
C72: Type 11: Straatmeubilair | O72: 4*185mm2 Cu | P72: 0.107 | Q72: 0.068 | R72: =SQRT(P72^2+Q72^2) | S72: =+P72*AD72/1000 | T72: =+AD72*Q72/1000 | V72: 393 | W72: =IF(W58<=V72+3,+AD72,"X") | X72: =IF(X58<=V72+3,+AD72,"X") | Y72: =IF(Y58<=V72+3,+AD72,"X") | Z72: =IF(Z58<=V72+3,+AD72,"X") | AA72: =IF(AA58<=V72+3,+AD72,"X") | AB72: =IF(AB58<=V72+3,+AD72,"X") | AC72: =IF(AC58<=V72+3,+AD72,"X") | AE72: 4*185mm2 Cu | AG72: =IF(OR(W72=AD72,AND(AD72=0,W72="X")),"OK","niet OK") | AH72: =IF(OR(X72=AD72,AND(AD72=0,X72="X")),"OK","niet OK") | AI72: =IF(OR(Y72=AD72,AND(AD72=0,Y72="X")),"OK","niet OK") | AJ72: =IF(OR(Z72=AD72,AND(AD72=0,Z72="X")),"OK","niet OK") | AK72: =IF(OR(AA72=AD72,AND(AD72=0,AA72="X")),"OK","niet OK") | AL72: =IF(OR(AB72=AD72,AND(AD72=0,AB72="X")),"OK","niet OK") | AM72: =IF(OR(AC72=AD72,AND(AD72=0,AC72="X")),"OK","niet OK")
C73: Aansluiting 3x25A | F73: 5.8 | H73: =F73*B73 | J73: =F73*0.23*3*B73 | O73: 4*150mm2 Cu | P73: 0.125 | Q73: 0.068 | R73: =SQRT(P73^2+Q73^2) | S73: =+P73*AD73/1000 | T73: =+AD73*Q73/1000 | V73: 348 | W73: =IF(W58<=V73+3,+AD73,"X") | X73: =IF(X58<=V73+3,+AD73,"X") | Y73: =IF(Y58<=V73+3,+AD73,"X") | Z73: =IF(Z58<=V73+3,+AD73,"X") | AA73: =IF(AA58<=V73+3,+AD73,"X") | AB73: =IF(AB58<=V73+3,+AD73,"X") | AC73: =IF(AC58<=V73+3,+AD73,"X") | AE73: 4*150mm2 Cu | AG73: =IF(OR(W73=AD73,AND(AD73=0,W73="X")),"OK","niet OK") | AH73: =IF(OR(X73=AD73,AND(AD73=0,X73="X")),"OK","niet OK") | AI73: =IF(OR(Y73=AD73,AND(AD73=0,Y73="X")),"OK","niet OK") | AJ73: =IF(OR(Z73=AD73,AND(AD73=0,Z73="X")),"OK","niet OK") | AK73: =IF(OR(AA73=AD73,AND(AD73=0,AA73="X")),"OK","niet OK") | AL73: =IF(OR(AB73=AD73,AND(AD73=0,AB73="X")),"OK","niet OK") | AM73: =IF(OR(AC73=AD73,AND(AD73=0,AC73="X")),"OK","niet OK")
C74: Aansluiting 3x40A t/m 3x50A | F74: 22 | H74: =F74*B74 | J74: =F74*0.23*3*B74 | O74: 4*120mm2 Cu | P74: 0.152 | Q74: 0.069 | R74: 0.16692813 | S74: =+P74*AD74/1000 | T74: =+AD74*Q74/1000 | V74: 307 | W74: =IF(W58<=V74+3,+AD74,"X") | X74: =IF(X58<=V74+3,+AD74,"X") | Y74: =IF(Y58<=V74+3,+AD74,"X") | Z74: =IF(Z58<=V74+3,+AD74,"X") | AA74: =IF(AA58<=V74+3,+AD74,"X") | AB74: =IF(AB58<=V74+3,+AD74,"X") | AC74: =IF(AC58<=V74+3,+AD74,"X") | AE74: 4*120mm2 Cu | AG74: =IF(OR(W74=AD74,AND(AD74=0,W74="X")),"OK","niet OK") | AH74: =IF(OR(X74=AD74,AND(AD74=0,X74="X")),"OK","niet OK") | AI74: =IF(OR(Y74=AD74,AND(AD74=0,Y74="X")),"OK","niet OK") | AJ74: =IF(OR(Z74=AD74,AND(AD74=0,Z74="X")),"OK","niet OK") | AK74: =IF(OR(AA74=AD74,AND(AD74=0,AA74="X")),"OK","niet OK") | AL74: =IF(OR(AB74=AD74,AND(AD74=0,AB74="X")),"OK","niet OK") | AM74: =IF(OR(AC74=AD74,AND(AD74=0,AC74="X")),"OK","niet OK")
C75: Aansluiting 3x63A t/m 3x80A | F75: 36 | H75: =F75*B75 | J75: =F75*0.23*3*B75 | O75: 4*95mm2 Cu | P75: 0.194 | Q75: 0.069 | R75: =SQRT(P75^2+Q75^2) | S75: =+P75*AD75/1000 | T75: =+AD75*Q75/1000 | V75: 272 | W75: =IF(W58<=V75+3,+AD75,"X") | X75: =IF(X58<=V75+3,+AD75,"X") | Y75: =IF(Y58<=V75+3,+AD75,"X") | Z75: =IF(Z58<=V75+3,+AD75,"X") | AA75: =IF(AA58<=V75+3,+AD75,"X") | AB75: =IF(AB58<=V75+3,+AD75,"X") | AC75: =IF(AC58<=V75+3,+AD75,"X") | AE75: 4*95mm2 Cu | AG75: =IF(OR(W75=AD75,AND(AD75=0,W75="X")),"OK","niet OK") | AH75: =IF(OR(X75=AD75,AND(AD75=0,X75="X")),"OK","niet OK") | AI75: =IF(OR(Y75=AD75,AND(AD75=0,Y75="X")),"OK","niet OK") | AJ75: =IF(OR(Z75=AD75,AND(AD75=0,Z75="X")),"OK","niet OK") | AK75: =IF(OR(AA75=AD75,AND(AD75=0,AA75="X")),"OK","niet OK") | AL75: =IF(OR(AB75=AD75,AND(AD75=0,AB75="X")),"OK","niet OK") | AM75: =IF(OR(AC75=AD75,AND(AD75=0,AC75="X")),"OK","niet OK")
O76: 4*70mm2 Cu | P76: 0.268 | Q76: 0.072 | R76: =SQRT(P76^2+Q76^2) | S76: =+P76*AD76/1000 | T76: =+AD76*Q76/1000 | V76: 227 | W76: =IF(W58<=V76+3,+AD76,"X") | X76: =IF(X58<=V76+3,+AD76,"X") | Y76: =IF(Y58<=V76+3,+AD76,"X") | Z76: =IF(Z58<=V76+3,+AD76,"X") | AA76: =IF(AA58<=V76+3,+AD76,"X") | AB76: =IF(AB58<=V76+3,+AD76,"X") | AC76: =IF(AC58<=V76+3,+AD76,"X") | AE76: 4*70mm2 Cu | AG76: =IF(OR(W76=AD76,AND(AD76=0,W76="X")),"OK","niet OK") | AH76: =IF(OR(X76=AD76,AND(AD76=0,X76="X")),"OK","niet OK") | AI76: =IF(OR(Y76=AD76,AND(AD76=0,Y76="X")),"OK","niet OK") | AJ76: =IF(OR(Z76=AD76,AND(AD76=0,Z76="X")),"OK","niet OK") | AK76: =IF(OR(AA76=AD76,AND(AD76=0,AA76="X")),"OK","niet OK") | AL76: =IF(OR(AB76=AD76,AND(AD76=0,AB76="X")),"OK","niet OK") | AM76: =IF(OR(AC76=AD76,AND(AD76=0,AC76="X")),"OK","niet OK")
C77: Totale ontwerpstroom op de kabel (A) | D77: =MAX(SUM(H5:H75),SUM(I5:I75)) | O77: 4*50mm2 Cu | P77: 0.387 | Q77: 0.085 | R77: =SQRT(P77^2+Q77^2) | S77: =+P77*AD77/1000 | T77: =+AD77*Q77/1000 | V77: 182 | W77: =IF(W58<=V77+3,+AD77,"X") | X77: =IF(X58<=V77+3,+AD77,"X") | Y77: =IF(Y58<=V77+3,+AD77,"X") | Z77: =IF(Z58<=V77+3,+AD77,"X") | AA77: =IF(AA58<=V77+3,+AD77,"X") | AB77: =IF(AB58<=V77+3,+AD77,"X") | AC77: =IF(AC58<=V77+3,+AD77,"X") | AE77: 4*50mm2 Cu | AG77: =IF(OR(W77=AD77,AND(AD77=0,W77="X")),"OK","niet OK") | AH77: =IF(OR(X77=AD77,AND(AD77=0,X77="X")),"OK","niet OK") | AI77: =IF(OR(Y77=AD77,AND(AD77=0,Y77="X")),"OK","niet OK") | AJ77: =IF(OR(Z77=AD77,AND(AD77=0,Z77="X")),"OK","niet OK") | AK77: =IF(OR(AA77=AD77,AND(AD77=0,AA77="X")),"OK","niet OK") | AL77: =IF(OR(AB77=AD77,AND(AD77=0,AB77="X")),"OK","niet OK") | AM77: =IF(OR(AC77=AD77,AND(AD77=0,AC77="X")),"OK","niet OK")
O78: 4*35mm2 Cu | P78: 0.524 | Q78: 0.1 | R78: =SQRT(P78^2+Q78^2) | S78: =+P78*AD78/1000 | T78: =+AD78*Q78/1000 | V78: 154 | W78: =IF(W58<=V78+3,+AD78,"X") | X78: =IF(X58<=V78+3,+AD78,"X") | Y78: =IF(Y58<=V78+3,+AD78,"X") | Z78: =IF(Z58<=V78+3,+AD78,"X") | AA78: =IF(AA58<=V78+3,+AD78,"X") | AB78: =IF(AB58<=V78+3,+AD78,"X") | AC78: =IF(AC58<=V78+3,+AD78,"X") | AE78: 4*35mm2 Cu | AG78: =IF(OR(W78=AD78,AND(AD78=0,W78="X")),"OK","niet OK") | AH78: =IF(OR(X78=AD78,AND(AD78=0,X78="X")),"OK","niet OK") | AI78: =IF(OR(Y78=AD78,AND(AD78=0,Y78="X")),"OK","niet OK") | AJ78: =IF(OR(Z78=AD78,AND(AD78=0,Z78="X")),"OK","niet OK") | AK78: =IF(OR(AA78=AD78,AND(AD78=0,AA78="X")),"OK","niet OK") | AL78: =IF(OR(AB78=AD78,AND(AD78=0,AB78="X")),"OK","niet OK") | AM78: =IF(OR(AC78=AD78,AND(AD78=0,AC78="X")),"OK","niet OK")
D79: Verdeel gekozen aansluitingen over meerdere kabels indien ontwerpstroom groter dan 225A is! | O79: 4*25mm2 Cu | P79: 0.727 | Q79: 0.094 | R79: =SQRT(P79^2+Q79^2) | S79: =+P79*AD79/1000 | T79: =+AD79*Q79/1000 | V79: 128 | W79: =IF(W58<=V79+3,+AD79,"X") | X79: =IF(X58<=V79+3,+AD79,"X") | Y79: =IF(Y58<=V79+3,+AD79,"X") | Z79: =IF(Z58<=V79+3,+AD79,"X") | AA79: =IF(AA58<=V79+3,+AD79,"X") | AB79: =IF(AB58<=V79+3,+AD79,"X") | AC79: =IF(AC58<=V79+3,+AD79,"X") | AE79: 4*25mm2 Cu | AG79: =IF(OR(W79=AD79,AND(AD79=0,W79="X")),"OK","niet OK") | AH79: =IF(OR(X79=AD79,AND(AD79=0,X79="X")),"OK","niet OK") | AI79: =IF(OR(Y79=AD79,AND(AD79=0,Y79="X")),"OK","niet OK") | AJ79: =IF(OR(Z79=AD79,AND(AD79=0,Z79="X")),"OK","niet OK") | AK79: =IF(OR(AA79=AD79,AND(AD79=0,AA79="X")),"OK","niet OK") | AL79: =IF(OR(AB79=AD79,AND(AD79=0,AB79="X")),"OK","niet OK") | AM79: =IF(OR(AC79=AD79,AND(AD79=0,AC79="X")),"OK","niet OK")
O80: 4*16mm2 Cu | P80: 1.15 | Q80: 0.097 | R80: =SQRT(P80^2+Q80^2) | S80: =+P80*AD80/1000 | T80: =+AD80*Q80/1000 | V80: 99 | W80: =IF(W58<=V80+3,+AD80,"X") | X80: =IF(X58<=V80+3,+AD80,"X") | Y80: =IF(Y58<=V80+3,+AD80,"X") | Z80: =IF(Z58<=V80+3,+AD80,"X") | AA80: =IF(AA58<=V80+3,+AD80,"X") | AB80: =IF(AB58<=V80+3,+AD80,"X") | AC80: =IF(AC58<=V80+3,+AD80,"X") | AE80: 4*16mm2 Cu | AG80: =IF(OR(W80=AD80,AND(AD80=0,W80="X")),"OK","niet OK") | AH80: =IF(OR(X80=AD80,AND(AD80=0,X80="X")),"OK","niet OK") | AI80: =IF(OR(Y80=AD80,AND(AD80=0,Y80="X")),"OK","niet OK") | AJ80: =IF(OR(Z80=AD80,AND(AD80=0,Z80="X")),"OK","niet OK") | AK80: =IF(OR(AA80=AD80,AND(AD80=0,AA80="X")),"OK","niet OK") | AL80: =IF(OR(AB80=AD80,AND(AD80=0,AB80="X")),"OK","niet OK") | AM80: =IF(OR(AC80=AD80,AND(AD80=0,AC80="X")),"OK","niet OK")
O82: totale samengestelde impedantie | S82: =SUM(S62:S81) | T82: =SUM(T62:T81) | U82: =SQRT(S82^2+T82^2) | W82: =IF(U82<=W60,"OK","niet OK") | X82: =IF(U82<=X60,"OK","niet OK") | Y82: =IF(U82<=Y60,"OK","niet OK") | Z82: =IF(U82<=Z60,"OK","niet OK") | AA82: =IF(U82<=AA60,"OK","niet OK") | AB82: =IF(U82<=AB60,"OK","niet OK") | AC82: =IF(U82<=AC60,"OK","niet OK") | AD82: t.a.v. totale impedantie passieve trafo en gG
W83: =IF(U82<=W61,"OK","niet OK") | X83: =IF(U82<=X61,"OK","niet OK") | Y83: =IF(U82<=Y61,"OK","niet OK") | Z83: =IF(U82<=Z61,"OK","niet OK") | AA83: =IF(U82<=AA61,"OK","niet OK") | AB83: =IF(U82<=AB61,"OK","niet OK") | AC83: =IF(U82<=AC61,"OK","niet OK") | AD83: t.a.v. totale impedantie regeltrafo en gFF
W84: =IF(AND(AG62="OK",AG63="OK",AG64="OK",AG65="OK",AG66="OK",AG67="OK",AG68="OK",AG69="OK",AG70="OK",AG72="OK",AG73="OK",AG75="OK",AG76="OK",AG77="OK",AG78="OK",AG79="OK",AG80="OK"),"OK","niet OK") | X84: =IF(AND(AH62="OK",AH63="OK",AH64="OK",AH65="OK",AH66="OK",AH67="OK",AH68="OK",AH69="OK",AH70="OK",AH72="OK",AH73="OK",AH75="OK",AH76="OK",AH77="OK",AH78="OK",AH79="OK",AH80="OK"),"OK","niet OK") | Y84: =IF(AND(AI62="OK",AI63="OK",AI64="OK",AI65="OK",AI66="OK",AI67="OK",AI68="OK",AI69="OK",AI70="OK",AI72="OK",AI73="OK",AI75="OK",AI76="OK",AI77="OK",AI78="OK",AI79="OK",AI80="OK"),"OK","niet OK") | Z84: =IF(AND(AJ62="OK",AJ63="OK",AJ64="OK",AJ65="OK",AJ66="OK",AJ67="OK",AJ68="OK",AJ69="OK",AJ70="OK",AJ72="OK",AJ73="OK",AJ75="OK",AJ76="OK",AJ77="OK",AJ78="OK",AJ79="OK",AJ80="OK"),"OK","niet OK") | AA84: =IF(AND(AK62="OK",AK63="OK",AK64="OK",AK65="OK",AK66="OK",AK67="OK",AK68="OK",AK69="OK",AK70="OK",AK72="OK",AK73="OK",AK75="OK",AK76="OK",AK77="OK",AK78="OK",AK79="OK",AK80="OK"),"OK","niet OK") | AB84: =IF(AND(AL62="OK",AL63="OK",AL64="OK",AL65="OK",AL66="OK",AL67="OK",AL68="OK",AL69="OK",AL70="OK",AL72="OK",AL73="OK",AL75="OK",AL76="OK",AL77="OK",AL78="OK",AL79="OK",AL80="OK"),"OK","niet OK") | AC84: =IF(AND(AM62="OK",AM63="OK",AM64="OK",AM65="OK",AM66="OK",AM67="OK",AM68="OK",AM69="OK",AM70="OK",AM72="OK",AM73="OK",AM75="OK",AM76="OK",AM77="OK",AM78="OK",AM79="OK",AM80="OK"),"OK","niet OK") | AD84: t.a.v. ontwerpstroom
W85: =IF(AND(W82="OK",W84="OK"),"JA","NEE") | X85: =IF(AND(X82="OK",X84="OK"),"JA","NEE") | Y85: =IF(AND(Y82="OK",Y84="OK"),"JA","NEE") | Z85: =IF(AND(Z82="OK",Z84="OK"),"JA","NEE") | AA85: =IF(AND(AA82="OK",AA84="OK"),"JA","NEE") | AB85: =IF(AND(AB82="OK",AB84="OK"),"JA","NEE") | AC85: =IF(AND(AC82="OK",AC84="OK"),"JA","NEE") | AD85: voldoet aan beide / toegestaan met passieve transformator en gG zekeringen?
W86: =IF(AND(W83="OK",W84="OK"),"JA","NEE") | X86: =IF(AND(X83="OK",X84="OK"),"JA","NEE") | Y86: =IF(AND(Y83="OK",Y84="OK"),"JA","NEE") | Z86: =IF(AND(Z83="OK",Z84="OK"),"JA","NEE") | AA86: =IF(AND(AA83="OK",AA84="OK"),"JA","NEE") | AB86: =IF(AND(AB83="OK",AB84="OK"),"JA","NEE") | AC86: =IF(AND(AC83="OK",AC84="OK"),"JA","NEE") | AD86: voldoet aan beide / toegestaan met regeltransformator en gFF zekeringen?

Sheet (3)
A1: Vul alleen de | C1: vlakken in. | F1: Ontwerpstroom kabel | O1: Verschillende doorsnedes in dezelfde kabelgroep! Let op: Alleen de gele velden zijn invoervelden ! | AD1: Invoervelden
B2: Aantal van eenheid | C2: Type wooneenheid | F2: Ontwerpstroom verbruik per eenheid | G2: Ontwerpstroom opwek per eenheid | H2: Totaal verbruik op kabelniveau in A | I2: Totaal opwek op kabelniveau in A | J2: Totaal verbruik op kabelniveau in kW | K2: Totaal opwek op kabelniveau in kW | M2: Opmerkingen | O2: Evenredig verdeelde belasting over de kabel (50%), gebaseerd op tabellen 6 en 8 uit kader Eea-0205.K
O3: Er moet wel sprake zijn van zogenaamde kabelverjonging, d.w.z. de zwaardere kabels aan het begin van de kabelgroep en de dunnere kabels op het eind van de kabelgroep.
C4: Type 1: Laagbouw huishoudens t/m bouwjaar 2021 met een individuele warmtepomp en tapwaterbuffer
C5: Vrijstaand | F5: 8.1 | G5: 9.2 | H5: =F5*B5 | I5: =G5*B5 | J5: =F5*0.23*3*B5 | K5: =G5*0.23*3*B5
C6: Twee onder een kap | F6: 7.1 | G6: 7 | H6: =F6*B6 | I6: =G6*B6 | J6: =F6*0.23*3*B6 | K6: =G6*0.23*3*B6
C7: Rijtjeswoning (woonboten, woonwagens, chalets en vakantiehuisjes) | F7: 6.4 | G7: 5.9 | H7: =F7*B7 | I7: =G7*B7 | J7: =F7*0.23*3*B7 | K7: =G7*0.23*3*B7
C8: Onbekend | F8: 6.8 | G8: 5.9 | H8: =F8*B8 | I8: =G8*B8 | J8: =F8*0.23*3*B8 | K8: =G8*0.23*3*B8
C10: Type 2: Laagbouw huishoudens met stads- of gasverwarming
C11: Vrijstaand | F11: 3.9 | G11: 8.9 | H11: =F11*B11 | I11: =G11*B11 | J11: =F11*0.23*3*B11 | K11: =G11*0.23*3*B11
C12: Twee onder een kap | F12: 3.9 | G12: 6.8 | H12: =F12*B12 | I12: =G12*B12 | J12: =F12*0.23*3*B12 | K12: =G12*0.23*3*B12 | O12: ontwerpstroom | W12: t/m 57A | X12: t/m 72A | Y12: t/m 90A | Z12: t/m 113A | AA12: t/m 144A | AB12: t/m 180A | AC12: t/m 225A
C13: Rijtjeswoning (woonboten, woonwagens, chalets en vakantiehuisjes) | F13: 3.9 | G13: 5.7 | H13: =F13*B13 | I13: =G13*B13 | J13: =F13*0.23*3*B13 | K13: =G13*0.23*3*B13 | O13: smeltveiligheid Inom | W13: 63A | X13: 80A | Y13: 100A | Z13: 125A | AA13: 160A | AB13: 200A | AC13: 250A | AD13: invoer
C14: Onbekend | F14: 3.9 | G14: 5.7 | H14: =F14*B14 | I14: =G14*B14 | J14: =F14*0.23*3*B14 | K14: =G14*0.23*3*B14 | P14: waarden per 1000m | S14: waarden o.b.v. kabellengte | W14: 63 | X14: 80 | Y14: 100 | Z14: 125 | AA14: 160 | AB14: 200 | AC14: 250 | AD14: kabellengtes
P15: ohm | Q15: ohm | R15: ohm | S15: ohm | T15: ohm | U15: ohm | V15: A | W15: ohm | X15: ohm | Y15: ohm | Z15: ohm | AA15: ohm | AB15: ohm | AC15: ohm | AD15: per doorsnede
C16: Type 3: Laagbouw huishoudens vanaf bouwjaar 2022 met een individuele warmtepomp en tapwaterbuffer | W16: 0.25 | X16: 0.25 | Y16: 0.204 | Z16: 0.163 | AA16: 0.128 | AB16: 0.092 | AC16: 0.062
C17: Vrijstaand | F17: 7.54 | G17: 9.2 | H17: =F17*B17 | I17: =G17*B17 | J17: =F17*0.23*3*B17 | K17: =G17*0.23*3*B17 | O17: Name | P17: R | Q17: X | R17: Z (berekend) | S17: R | T17: X | U17: Z (berekend) | W17: 0.25 | X17: 0.25 | Y17: 0.25 | Z17: 0.25 | AA17: 0.25 | AB17: 0.218 | AC17: 0.171 | AD17: in meters | AI17: hulptabel
C18: Twee onder een kap | F18: 6.8 | G18: 7 | H18: =F18*B18 | I18: =G18*B18 | J18: =F18*0.23*3*B18 | K18: =G18*0.23*3*B18 | O18: 4*240mm2 Al | P18: 0.129 | Q18: 0.073 | R18: =SQRT(P18^2+Q18^2) | S18: =+P18*AD18/1000 | T18: =+AD18*Q18/1000 | V18: 359 | W18: =IF(W14<=V18+3,+AD18,"X") | X18: =IF(X14<=V18+3,+AD18,"X") | Y18: =IF(Y14<=V18+3,+AD18,"X") | Z18: =IF(Z14<=V18+3,+AD18,"X") | AA18: =IF(AA14<=V18+3,+AD18,"X") | AB18: =IF(AB14<=V18+3,+AD18,"X") | AC18: =IF(AC14<=V18+3,+AD18,"X") | AE18: 4*240mm2 Al | AG18: =IF(OR(W18=AD18,AND(AD18=0,W18="X")),"OK","niet OK") | AH18: =IF(OR(X18=AD18,AND(AD18=0,X18="X")),"OK","niet OK") | AI18: =IF(OR(Y18=AD18,AND(AD18=0,Y18="X")),"OK","niet OK") | AJ18: =IF(OR(Z18=AD18,AND(AD18=0,Z18="X")),"OK","niet OK") | AK18: =IF(OR(AA18=AD18,AND(AD18=0,AA18="X")),"OK","niet OK") | AL18: =IF(OR(AB18=AD18,AND(AD18=0,AB18="X")),"OK","niet OK") | AM18: =IF(OR(AC18=AD18,AND(AD18=0,AC18="X")),"OK","niet OK")
C19: Rijtjeswoning | F19: 6.3 | G19: 5.9 | H19: =F19*B19 | I19: =G19*B19 | J19: =F19*0.23*3*B19 | K19: =G19*0.23*3*B19 | O19: 4*150mm2 Al | P19: 0.206 | Q19: 0.079 | R19: =SQRT(P19^2+Q19^2) | S19: =+P19*AD19/1000 | T19: =+AD19*Q19/1000 | V19: 272 | W19: =IF(W14<=V19+3,+AD19,"X") | X19: =IF(X14<=V19+3,+AD19,"X") | Y19: =IF(Y14<=V19+3,+AD19,"X") | Z19: =IF(Z14<=V19+3,+AD19,"X") | AA19: =IF(AA14<=V19+3,+AD19,"X") | AB19: =IF(AB14<=V19+3,+AD19,"X") | AC19: =IF(AC14<=V19+3,+AD19,"X") | AE19: 4*150mm2 Al | AG19: =IF(OR(W19=AD19,AND(AD19=0,W19="X")),"OK","niet OK") | AH19: =IF(OR(X19=AD19,AND(AD19=0,X19="X")),"OK","niet OK") | AI19: =IF(OR(Y19=AD19,AND(AD19=0,Y19="X")),"OK","niet OK") | AJ19: =IF(OR(Z19=AD19,AND(AD19=0,Z19="X")),"OK","niet OK") | AK19: =IF(OR(AA19=AD19,AND(AD19=0,AA19="X")),"OK","niet OK") | AL19: =IF(OR(AB19=AD19,AND(AD19=0,AB19="X")),"OK","niet OK") | AM19: =IF(OR(AC19=AD19,AND(AD19=0,AC19="X")),"OK","niet OK")
C20: Onbekend | F20: 6.4 | G20: 5.9 | H20: =F20*B20 | I20: =G20*B20 | J20: =F20*0.23*3*B20 | K20: =G20*0.23*3*B20 | O20: 4*120mm2 Al | P20: 0.281 | Q20: 0.081 | R20: =SQRT(P20^2+Q20^2) | S20: =+P20*AD20/1000 | T20: =+AD20*Q20/1000 | V20: 243 | W20: =IF(W14<=V20+3,+AD20,"X") | X20: =IF(X14<=V20+3,+AD20,"X") | Y20: =IF(Y14<=V20+3,+AD20,"X") | Z20: =IF(Z14<=V20+3,+AD20,"X") | AA20: =IF(AA14<=V20+3,+AD20,"X") | AB20: =IF(AB14<=V20+3,+AD20,"X") | AC20: =IF(AC14<=V20+3,+AD20,"X") | AE20: 4*120mm2 Al | AG20: =IF(OR(W20=AD20,AND(AD20=0,W20="X")),"OK","niet OK") | AH20: =IF(OR(X20=AD20,AND(AD20=0,X20="X")),"OK","niet OK") | AI20: =IF(OR(Y20=AD20,AND(AD20=0,Y20="X")),"OK","niet OK") | AJ20: =IF(OR(Z20=AD20,AND(AD20=0,Z20="X")),"OK","niet OK") | AK20: =IF(OR(AA20=AD20,AND(AD20=0,AA20="X")),"OK","niet OK") | AL20: =IF(OR(AB20=AD20,AND(AD20=0,AB20="X")),"OK","niet OK") | AM20: =IF(OR(AC20=AD20,AND(AD20=0,AC20="X")),"OK","niet OK")
O21: 4*95mm2 Al | P21: 0.32 | Q21: 0.082 | R21: =SQRT(P21^2+Q21^2) | S21: =+P21*AD21/1000 | T21: =+AD21*Q21/1000 | V21: 213 | W21: =IF(W14<=V21+3,+AD21,"X") | X21: =IF(X14<=V21+3,+AD21,"X") | Y21: =IF(Y14<=V21+3,+AD21,"X") | Z21: =IF(Z14<=V21+3,+AD21,"X") | AA21: =IF(AA14<=V21+3,+AD21,"X") | AB21: =IF(AB14<=V21+3,+AD21,"X") | AC21: =IF(AC14<=V21+3,+AD21,"X") | AE21: 4*95mm2 Al | AG21: =IF(OR(W21=AD21,AND(AD21=0,W21="X")),"OK","niet OK") | AH21: =IF(OR(X21=AD21,AND(AD21=0,X21="X")),"OK","niet OK") | AI21: =IF(OR(Y21=AD21,AND(AD21=0,Y21="X")),"OK","niet OK") | AJ21: =IF(OR(Z21=AD21,AND(AD21=0,Z21="X")),"OK","niet OK") | AK21: =IF(OR(AA21=AD21,AND(AD21=0,AA21="X")),"OK","niet OK") | AL21: =IF(OR(AB21=AD21,AND(AD21=0,AB21="X")),"OK","niet OK") | AM21: =IF(OR(AC21=AD21,AND(AD21=0,AC21="X")),"OK","niet OK")
C22: Type 4: Hoogbouw huishoudens met collectieve warmtepomp, stads- of gasverwarming | O22: 4*70mm2 Al | P22: 0.443 | Q22: =(Q21+Q23)/2 | R22: =SQRT(P22^2+Q22^2) | S22: =+P22*AD22/1000 | T22: =+AD22*Q22/1000 | V22: 177 | W22: =IF(W14<=V22+3,+AD22,"X") | X22: =IF(X14<=V22+3,+AD22,"X") | Y22: =IF(Y14<=V22+3,+AD22,"X") | Z22: =IF(Z14<=V22+3,+AD22,"X") | AA22: =IF(AA14<=V22+3,+AD22,"X") | AB22: =IF(AB14<=V22+3,+AD22,"X") | AC22: =IF(AC14<=V22+3,+AD22,"X") | AE22: 4*70mm2 Al | AG22: =IF(OR(W22=AD22,AND(AD22=0,W22="X")),"OK","niet OK") | AH22: =IF(OR(X22=AD22,AND(AD22=0,X22="X")),"OK","niet OK") | AI22: =IF(OR(Y22=AD22,AND(AD22=0,Y22="X")),"OK","niet OK") | AJ22: =IF(OR(Z22=AD22,AND(AD22=0,Z22="X")),"OK","niet OK") | AK22: =IF(OR(AA22=AD22,AND(AD22=0,AA22="X")),"OK","niet OK") | AL22: =IF(OR(AB22=AD22,AND(AD22=0,AB22="X")),"OK","niet OK") | AM22: =IF(OR(AC22=AD22,AND(AD22=0,AC22="X")),"OK","niet OK")
C23: Appartement incl. publiek laden | F23: 3.4 | H23: =F23*B23 | J23: =F23*0.23*3*B23 | O23: 4*50mm2 Al | P23: 0.641 | Q23: 0.085 | R23: =SQRT(P23^2+Q23^2) | S23: =+P23*AD23/1000 | T23: =+AD23*Q23/1000 | V23: 144 | W23: =IF(W14<=V23+3,+AD23,"X") | X23: =IF(X14<=V23+3,+AD23,"X") | Y23: =IF(Y14<=V23+3,+AD23,"X") | Z23: =IF(Z14<=V23+3,+AD23,"X") | AA23: =IF(AA14<=V23+3,+AD23,"X") | AB23: =IF(AB14<=V23+3,+AD23,"X") | AC23: =IF(AC14<=V23+3,+AD23,"X") | AE23: 4*50mm2 Al | AG23: =IF(OR(W23=AD23,AND(AD23=0,W23="X")),"OK","niet OK") | AH23: =IF(OR(X23=AD23,AND(AD23=0,X23="X")),"OK","niet OK") | AI23: =IF(OR(Y23=AD23,AND(AD23=0,Y23="X")),"OK","niet OK") | AJ23: =IF(OR(Z23=AD23,AND(AD23=0,Z23="X")),"OK","niet OK") | AK23: =IF(OR(AA23=AD23,AND(AD23=0,AA23="X")),"OK","niet OK") | AL23: =IF(OR(AB23=AD23,AND(AD23=0,AB23="X")),"OK","niet OK") | AM23: =IF(OR(AC23=AD23,AND(AD23=0,AC23="X")),"OK","niet OK")
C24: Collectieve warmtepomp - elektrisch vermogen | H24: =J24*1000/(3*230) | O24: 4*35mm2 Al | P24: 0.868 | Q24: 0.101 | R24: =SQRT(P24^2+Q24^2) | S24: =+P24*AD24/1000 | T24: =+AD24*Q24/1000 | V24: 120 | W24: =IF(W14<=V24+3,+AD24,"X") | X24: =IF(X14<=V24+3,+AD24,"X") | Y24: =IF(Y14<=V24+3,+AD24,"X") | Z24: =IF(Z14<=V24+3,+AD24,"X") | AA24: =IF(AA14<=V24+3,+AD24,"X") | AB24: =IF(AB14<=V24+3,+AD24,"X") | AC24: =IF(AC14<=V24+3,+AD24,"X") | AE24: 4*35mm2 Al | AG24: =IF(OR(W24=AD24,AND(AD24=0,W24="X")),"OK","niet OK") | AH24: =IF(OR(X24=AD24,AND(AD24=0,X24="X")),"OK","niet OK") | AI24: =IF(OR(Y24=AD24,AND(AD24=0,Y24="X")),"OK","niet OK") | AJ24: =IF(OR(Z24=AD24,AND(AD24=0,Z24="X")),"OK","niet OK") | AK24: =IF(OR(AA24=AD24,AND(AD24=0,AA24="X")),"OK","niet OK") | AL24: =IF(OR(AB24=AD24,AND(AD24=0,AB24="X")),"OK","niet OK") | AM24: =IF(OR(AC24=AD24,AND(AD24=0,AC24="X")),"OK","niet OK")
O25: 4*25mm2 Al | P25: 1.2 | Q25: 0.094 | R25: =SQRT(P25^2+Q25^2) | S25: =+P25*AD25/1000 | T25: =+AD25*Q25/1000 | V25: 100 | W25: =IF(W14<=V25+3,+AD25,"X") | X25: =IF(X14<=V25+3,+AD25,"X") | Y25: =IF(Y14<=V25+3,+AD25,"X") | Z25: =IF(Z14<=V25+3,+AD25,"X") | AA25: =IF(AA14<=V25+3,+AD25,"X") | AB25: =IF(AB14<=V25+3,+AD25,"X") | AC25: =IF(AC14<=V25+3,+AD25,"X") | AE25: 4*25mm2 Al | AG25: =IF(OR(W25=AD25,AND(AD25=0,W25="X")),"OK","niet OK") | AH25: =IF(OR(X25=AD25,AND(AD25=0,X25="X")),"OK","niet OK") | AI25: =IF(OR(Y25=AD25,AND(AD25=0,Y25="X")),"OK","niet OK") | AJ25: =IF(OR(Z25=AD25,AND(AD25=0,Z25="X")),"OK","niet OK") | AK25: =IF(OR(AA25=AD25,AND(AD25=0,AA25="X")),"OK","niet OK") | AL25: =IF(OR(AB25=AD25,AND(AD25=0,AB25="X")),"OK","niet OK") | AM25: =IF(OR(AC25=AD25,AND(AD25=0,AC25="X")),"OK","niet OK")
C26: Type 5: Hoogbouw huishoudens t/m bouwjaar 2021 met een individuele warmtepomp | O26: 4*16mm2 Al | P26: 1.91 | Q26: 0.096 | R26: =SQRT(P26^2+Q26^2) | S26: =+P26*AD26/1000 | T26: =+AD26*Q26/1000 | V26: 78 | W26: =IF(W14<=V26+3,+AD26,"X") | X26: =IF(X14<=V26+3,+AD26,"X") | Y26: =IF(Y14<=V26+3,+AD26,"X") | Z26: =IF(Z14<=V26+3,+AD26,"X") | AA26: =IF(AA14<=V26+3,+AD26,"X") | AB26: =IF(AB14<=V26+3,+AD26,"X") | AC26: =IF(AC14<=V26+3,+AD26,"X") | AE26: 4*16mm2 Al | AG26: =IF(OR(W26=AD26,AND(AD26=0,W26="X")),"OK","niet OK") | AH26: =IF(OR(X26=AD26,AND(AD26=0,X26="X")),"OK","niet OK") | AI26: =IF(OR(Y26=AD26,AND(AD26=0,Y26="X")),"OK","niet OK") | AJ26: =IF(OR(Z26=AD26,AND(AD26=0,Z26="X")),"OK","niet OK") | AK26: =IF(OR(AA26=AD26,AND(AD26=0,AA26="X")),"OK","niet OK") | AL26: =IF(OR(AB26=AD26,AND(AD26=0,AB26="X")),"OK","niet OK") | AM26: =IF(OR(AC26=AD26,AND(AD26=0,AC26="X")),"OK","niet OK")
C27: Appartement incl. publiek laden | F27: 5.4 | H27: =F27*B27 | J27: =F27*0.23*3*B27
O28: 4*185mm2 Cu | P28: 0.107 | Q28: 0.068 | R28: =SQRT(P28^2+Q28^2) | S28: =+P28*AD28/1000 | T28: =+AD28*Q28/1000 | V28: 393 | W28: =IF(W14<=V28+3,+AD28,"X") | X28: =IF(X14<=V28+3,+AD28,"X") | Y28: =IF(Y14<=V28+3,+AD28,"X") | Z28: =IF(Z14<=V28+3,+AD28,"X") | AA28: =IF(AA14<=V28+3,+AD28,"X") | AB28: =IF(AB14<=V28+3,+AD28,"X") | AC28: =IF(AC14<=V28+3,+AD28,"X") | AE28: 4*185mm2 Cu | AG28: =IF(OR(W28=AD28,AND(AD28=0,W28="X")),"OK","niet OK") | AH28: =IF(OR(X28=AD28,AND(AD28=0,X28="X")),"OK","niet OK") | AI28: =IF(OR(Y28=AD28,AND(AD28=0,Y28="X")),"OK","niet OK") | AJ28: =IF(OR(Z28=AD28,AND(AD28=0,Z28="X")),"OK","niet OK") | AK28: =IF(OR(AA28=AD28,AND(AD28=0,AA28="X")),"OK","niet OK") | AL28: =IF(OR(AB28=AD28,AND(AD28=0,AB28="X")),"OK","niet OK") | AM28: =IF(OR(AC28=AD28,AND(AD28=0,AC28="X")),"OK","niet OK")
C29: Type 6: Nieuwbouw hoogbouw huishoudens vanaf bouwjaar 2022 met een individuele warmtepomp | O29: 4*150mm2 Cu | P29: 0.125 | Q29: 0.068 | R29: =SQRT(P29^2+Q29^2) | S29: =+P29*AD29/1000 | T29: =+AD29*Q29/1000 | V29: 348 | W29: =IF(W14<=V29+3,+AD29,"X") | X29: =IF(X14<=V29+3,+AD29,"X") | Y29: =IF(Y14<=V29+3,+AD29,"X") | Z29: =IF(Z14<=V29+3,+AD29,"X") | AA29: =IF(AA14<=V29+3,+AD29,"X") | AB29: =IF(AB14<=V29+3,+AD29,"X") | AC29: =IF(AC14<=V29+3,+AD29,"X") | AE29: 4*150mm2 Cu | AG29: =IF(OR(W29=AD29,AND(AD29=0,W29="X")),"OK","niet OK") | AH29: =IF(OR(X29=AD29,AND(AD29=0,X29="X")),"OK","niet OK") | AI29: =IF(OR(Y29=AD29,AND(AD29=0,Y29="X")),"OK","niet OK") | AJ29: =IF(OR(Z29=AD29,AND(AD29=0,Z29="X")),"OK","niet OK") | AK29: =IF(OR(AA29=AD29,AND(AD29=0,AA29="X")),"OK","niet OK") | AL29: =IF(OR(AB29=AD29,AND(AD29=0,AB29="X")),"OK","niet OK") | AM29: =IF(OR(AC29=AD29,AND(AD29=0,AC29="X")),"OK","niet OK")
C30: Appartement incl. publiek laden | F30: 5.1 | H30: =F30*B30 | J30: =F30*0.23*3*B30 | O30: 4*120mm2 Cu | P30: 0.152 | Q30: 0.069 | R30: 0.16692813 | S30: =+P30*AD30/1000 | T30: =+AD30*Q30/1000 | V30: 307 | W30: =IF(W14<=V30+3,+AD30,"X") | X30: =IF(X14<=V30+3,+AD30,"X") | Y30: =IF(Y14<=V30+3,+AD30,"X") | Z30: =IF(Z14<=V30+3,+AD30,"X") | AA30: =IF(AA14<=V30+3,+AD30,"X") | AB30: =IF(AB14<=V30+3,+AD30,"X") | AC30: =IF(AC14<=V30+3,+AD30,"X") | AE30: 4*120mm2 Cu | AG30: =IF(OR(W30=AD30,AND(AD30=0,W30="X")),"OK","niet OK") | AH30: =IF(OR(X30=AD30,AND(AD30=0,X30="X")),"OK","niet OK") | AI30: =IF(OR(Y30=AD30,AND(AD30=0,Y30="X")),"OK","niet OK") | AJ30: =IF(OR(Z30=AD30,AND(AD30=0,Z30="X")),"OK","niet OK") | AK30: =IF(OR(AA30=AD30,AND(AD30=0,AA30="X")),"OK","niet OK") | AL30: =IF(OR(AB30=AD30,AND(AD30=0,AB30="X")),"OK","niet OK") | AM30: =IF(OR(AC30=AD30,AND(AD30=0,AC30="X")),"OK","niet OK")
O31: 4*95mm2 Cu | P31: 0.194 | Q31: 0.069 | R31: =SQRT(P31^2+Q31^2) | S31: =+P31*AD31/1000 | T31: =+AD31*Q31/1000 | V31: 272 | W31: =IF(W14<=V31+3,+AD31,"X") | X31: =IF(X14<=V31+3,+AD31,"X") | Y31: =IF(Y14<=V31+3,+AD31,"X") | Z31: =IF(Z14<=V31+3,+AD31,"X") | AA31: =IF(AA14<=V31+3,+AD31,"X") | AB31: =IF(AB14<=V31+3,+AD31,"X") | AC31: =IF(AC14<=V31+3,+AD31,"X") | AE31: 4*95mm2 Cu | AG31: =IF(OR(W31=AD31,AND(AD31=0,W31="X")),"OK","niet OK") | AH31: =IF(OR(X31=AD31,AND(AD31=0,X31="X")),"OK","niet OK") | AI31: =IF(OR(Y31=AD31,AND(AD31=0,Y31="X")),"OK","niet OK") | AJ31: =IF(OR(Z31=AD31,AND(AD31=0,Z31="X")),"OK","niet OK") | AK31: =IF(OR(AA31=AD31,AND(AD31=0,AA31="X")),"OK","niet OK") | AL31: =IF(OR(AB31=AD31,AND(AD31=0,AB31="X")),"OK","niet OK") | AM31: =IF(OR(AC31=AD31,AND(AD31=0,AC31="X")),"OK","niet OK")
C32: Type 7: Laag- of hoogbouw met alternatieve verwarmingscomponenten (toeslag) | O32: 4*70mm2 Cu | P32: 0.268 | Q32: 0.072 | R32: =SQRT(P32^2+Q32^2) | S32: =+P32*AD32/1000 | T32: =+AD32*Q32/1000 | V32: 227 | W32: =IF(W14<=V32+3,+AD32,"X") | X32: =IF(X14<=V32+3,+AD32,"X") | Y32: =IF(Y14<=V32+3,+AD32,"X") | Z32: =IF(Z14<=V32+3,+AD32,"X") | AA32: =IF(AA14<=V32+3,+AD32,"X") | AB32: =IF(AB14<=V32+3,+AD32,"X") | AC32: =IF(AC14<=V32+3,+AD32,"X") | AE32: 4*70mm2 Cu | AG32: =IF(OR(W32=AD32,AND(AD32=0,W32="X")),"OK","niet OK") | AH32: =IF(OR(X32=AD32,AND(AD32=0,X32="X")),"OK","niet OK") | AI32: =IF(OR(Y32=AD32,AND(AD32=0,Y32="X")),"OK","niet OK") | AJ32: =IF(OR(Z32=AD32,AND(AD32=0,Z32="X")),"OK","niet OK") | AK32: =IF(OR(AA32=AD32,AND(AD32=0,AA32="X")),"OK","niet OK") | AL32: =IF(OR(AB32=AD32,AND(AD32=0,AB32="X")),"OK","niet OK") | AM32: =IF(OR(AC32=AD32,AND(AD32=0,AC32="X")),"OK","niet OK")
C33: Aantal * elektrisch vermogen verwarmingscomponent * gelijktijdigheidsfactor tabel type 7 | H33: =J33*1000/(3*230) | O33: 4*50mm2 Cu | P33: 0.387 | Q33: 0.085 | R33: =SQRT(P33^2+Q33^2) | S33: =+P33*AD33/1000 | T33: =+AD33*Q33/1000 | V33: 182 | W33: =IF(W14<=V33+3,+AD33,"X") | X33: =IF(X14<=V33+3,+AD33,"X") | Y33: =IF(Y14<=V33+3,+AD33,"X") | Z33: =IF(Z14<=V33+3,+AD33,"X") | AA33: =IF(AA14<=V33+3,+AD33,"X") | AB33: =IF(AB14<=V33+3,+AD33,"X") | AC33: =IF(AC14<=V33+3,+AD33,"X") | AE33: 4*50mm2 Cu | AG33: =IF(OR(W33=AD33,AND(AD33=0,W33="X")),"OK","niet OK") | AH33: =IF(OR(X33=AD33,AND(AD33=0,X33="X")),"OK","niet OK") | AI33: =IF(OR(Y33=AD33,AND(AD33=0,Y33="X")),"OK","niet OK") | AJ33: =IF(OR(Z33=AD33,AND(AD33=0,Z33="X")),"OK","niet OK") | AK33: =IF(OR(AA33=AD33,AND(AD33=0,AA33="X")),"OK","niet OK") | AL33: =IF(OR(AB33=AD33,AND(AD33=0,AB33="X")),"OK","niet OK") | AM33: =IF(OR(AC33=AD33,AND(AD33=0,AC33="X")),"OK","niet OK")
O34: 4*35mm2 Cu | P34: 0.524 | Q34: 0.1 | R34: =SQRT(P34^2+Q34^2) | S34: =+P34*AD34/1000 | T34: =+AD34*Q34/1000 | V34: 154 | W34: =IF(W14<=V34+3,+AD34,"X") | X34: =IF(X14<=V34+3,+AD34,"X") | Y34: =IF(Y14<=V34+3,+AD34,"X") | Z34: =IF(Z14<=V34+3,+AD34,"X") | AA34: =IF(AA14<=V34+3,+AD34,"X") | AB34: =IF(AB14<=V34+3,+AD34,"X") | AC34: =IF(AC14<=V34+3,+AD34,"X") | AE34: 4*35mm2 Cu | AG34: =IF(OR(W34=AD34,AND(AD34=0,W34="X")),"OK","niet OK") | AH34: =IF(OR(X34=AD34,AND(AD34=0,X34="X")),"OK","niet OK") | AI34: =IF(OR(Y34=AD34,AND(AD34=0,Y34="X")),"OK","niet OK") | AJ34: =IF(OR(Z34=AD34,AND(AD34=0,Z34="X")),"OK","niet OK") | AK34: =IF(OR(AA34=AD34,AND(AD34=0,AA34="X")),"OK","niet OK") | AL34: =IF(OR(AB34=AD34,AND(AD34=0,AB34="X")),"OK","niet OK") | AM34: =IF(OR(AC34=AD34,AND(AD34=0,AC34="X")),"OK","niet OK")
C35: Type 8: Kleinzakelijk (niet-huishoudelijk t/m 3x80A) | O35: 4*25mm2 Cu | P35: 0.727 | Q35: 0.094 | R35: =SQRT(P35^2+Q35^2) | S35: =+P35*AD35/1000 | T35: =+AD35*Q35/1000 | V35: 128 | W35: =IF(W14<=V35+3,+AD35,"X") | X35: =IF(X14<=V35+3,+AD35,"X") | Y35: =IF(Y14<=V35+3,+AD35,"X") | Z35: =IF(Z14<=V35+3,+AD35,"X") | AA35: =IF(AA14<=V35+3,+AD35,"X") | AB35: =IF(AB14<=V35+3,+AD35,"X") | AC35: =IF(AC14<=V35+3,+AD35,"X") | AE35: 4*25mm2 Cu | AG35: =IF(OR(W35=AD35,AND(AD35=0,W35="X")),"OK","niet OK") | AH35: =IF(OR(X35=AD35,AND(AD35=0,X35="X")),"OK","niet OK") | AI35: =IF(OR(Y35=AD35,AND(AD35=0,Y35="X")),"OK","niet OK") | AJ35: =IF(OR(Z35=AD35,AND(AD35=0,Z35="X")),"OK","niet OK") | AK35: =IF(OR(AA35=AD35,AND(AD35=0,AA35="X")),"OK","niet OK") | AL35: =IF(OR(AB35=AD35,AND(AD35=0,AB35="X")),"OK","niet OK") | AM35: =IF(OR(AC35=AD35,AND(AD35=0,AC35="X")),"OK","niet OK")
C36: Huidige aansluitwaarde: < 3x35A | D36: G4, G6, geen of ander gas | F36: 8.7 | G36: 8.7 | H36: =F36*B36 | I36: =G36*B36 | J36: =F36*0.23*3*B36 | K36: =G36*0.23*3*B36 | O36: 4*16mm2 Cu | P36: 1.15 | Q36: 0.097 | R36: =SQRT(P36^2+Q36^2) | S36: =+P36*AD36/1000 | T36: =+AD36*Q36/1000 | V36: 99 | W36: =IF(W14<=V36+3,+AD36,"X") | X36: =IF(X14<=V36+3,+AD36,"X") | Y36: =IF(Y14<=V36+3,+AD36,"X") | Z36: =IF(Z14<=V36+3,+AD36,"X") | AA36: =IF(AA14<=V36+3,+AD36,"X") | AB36: =IF(AB14<=V36+3,+AD36,"X") | AC36: =IF(AC14<=V36+3,+AD36,"X") | AE36: 4*16mm2 Cu | AG36: =IF(OR(W36=AD36,AND(AD36=0,W36="X")),"OK","niet OK") | AH36: =IF(OR(X36=AD36,AND(AD36=0,X36="X")),"OK","niet OK") | AI36: =IF(OR(Y36=AD36,AND(AD36=0,Y36="X")),"OK","niet OK") | AJ36: =IF(OR(Z36=AD36,AND(AD36=0,Z36="X")),"OK","niet OK") | AK36: =IF(OR(AA36=AD36,AND(AD36=0,AA36="X")),"OK","niet OK") | AL36: =IF(OR(AB36=AD36,AND(AD36=0,AB36="X")),"OK","niet OK") | AM36: =IF(OR(AC36=AD36,AND(AD36=0,AC36="X")),"OK","niet OK")
C37: Huidige aansluitwaarde: < 3x35A | D37: G10 t/m G25 | F37: 44 | G37: 44 | H37: =F37*B37 | I37: =G37*B37 | J37: =F37*0.23*3*B37 | K37: =G37*0.23*3*B37
C38: Huidige aansluitwaarde: < 3x35A | D38: > G25 | F38: 65 | G38: 65 | H38: =F38*B38 | I38: =G38*B38 | J38: =F38*0.23*3*B38 | K38: =G38*0.23*3*B38 | O38: totale samengestelde impedantie | S38: =SUM(S18:S37) | T38: =SUM(T18:T37) | U38: =SQRT(S38^2+T38^2) | W38: =IF(U38<=W16,"OK","niet OK") | X38: =IF(U38<=X16,"OK","niet OK") | Y38: =IF(U38<=Y16,"OK","niet OK") | Z38: =IF(U38<=Z16,"OK","niet OK") | AA38: =IF(U38<=AA16,"OK","niet OK") | AB38: =IF(U38<=AB16,"OK","niet OK") | AC38: =IF(U38<=AC16,"OK","niet OK") | AD38: t.a.v. totale impedantie passieve trafo en gG
C39: Huidige aansluitwaarde: 3x35A t/m 3x40A | D39: G4, G6, geen of ander gas | F39: 32 | G39: 32 | H39: =F39*B39 | I39: =G39*B39 | J39: =F39*0.23*3*B39 | K39: =G39*0.23*3*B39 | W39: =IF(U38<=W17,"OK","niet OK") | X39: =IF(U38<=X17,"OK","niet OK") | Y39: =IF(U38<=Y17,"OK","niet OK") | Z39: =IF(U38<=Z17,"OK","niet OK") | AA39: =IF(U38<=AA17,"OK","niet OK") | AB39: =IF(U38<=AB17,"OK","niet OK") | AC39: =IF(U38<=AC17,"OK","niet OK") | AD39: t.a.v. totale impedantie regeltrafo en gFF
C40: Huidige aansluitwaarde: 3x35A t/m 3x40A | D40: G10 t/m G25 | F40: 65 | G40: 65 | H40: =F40*B40 | I40: =G40*B40 | J40: =F40*0.23*3*B40 | K40: =G40*0.23*3*B40 | W40: =IF(AND(AG18="OK",AG19="OK",AG20="OK",AG21="OK",AG22="OK",AG23="OK",AG24="OK",AG25="OK",AG26="OK",AG28="OK",AG29="OK",AG31="OK",AG32="OK",AG33="OK",AG34="OK",AG35="OK",AG36="OK"),"OK","niet OK") | X40: =IF(AND(AH18="OK",AH19="OK",AH20="OK",AH21="OK",AH22="OK",AH23="OK",AH24="OK",AH25="OK",AH26="OK",AH28="OK",AH29="OK",AH31="OK",AH32="OK",AH33="OK",AH34="OK",AH35="OK",AH36="OK"),"OK","niet OK") | Y40: =IF(AND(AI18="OK",AI19="OK",AI20="OK",AI21="OK",AI22="OK",AI23="OK",AI24="OK",AI25="OK",AI26="OK",AI28="OK",AI29="OK",AI31="OK",AI32="OK",AI33="OK",AI34="OK",AI35="OK",AI36="OK"),"OK","niet OK") | Z40: =IF(AND(AJ18="OK",AJ19="OK",AJ20="OK",AJ21="OK",AJ22="OK",AJ23="OK",AJ24="OK",AJ25="OK",AJ26="OK",AJ28="OK",AJ29="OK",AJ31="OK",AJ32="OK",AJ33="OK",AJ34="OK",AJ35="OK",AJ36="OK"),"OK","niet OK") | AA40: =IF(AND(AK18="OK",AK19="OK",AK20="OK",AK21="OK",AK22="OK",AK23="OK",AK24="OK",AK25="OK",AK26="OK",AK28="OK",AK29="OK",AK31="OK",AK32="OK",AK33="OK",AK34="OK",AK35="OK",AK36="OK"),"OK","niet OK") | AB40: =IF(AND(AL18="OK",AL19="OK",AL20="OK",AL21="OK",AL22="OK",AL23="OK",AL24="OK",AL25="OK",AL26="OK",AL28="OK",AL29="OK",AL31="OK",AL32="OK",AL33="OK",AL34="OK",AL35="OK",AL36="OK"),"OK","niet OK") | AC40: =IF(AND(AM18="OK",AM19="OK",AM20="OK",AM21="OK",AM22="OK",AM23="OK",AM24="OK",AM25="OK",AM26="OK",AM28="OK",AM29="OK",AM31="OK",AM32="OK",AM33="OK",AM34="OK",AM35="OK",AM36="OK"),"OK","niet OK") | AD40: t.a.v. ontwerpstroom
C41: Huidige aansluitwaarde: 3x35A t/m 3x40A | D41: > G25 | F41: 65 | G41: 65 | H41: =F41*B41 | I41: =G41*B41 | J41: =F41*0.23*3*B41 | K41: =G41*0.23*3*B41 | W41: =IF(AND(W38="OK",W40="OK"),"JA","NEE") | X41: =IF(AND(X38="OK",X40="OK"),"JA","NEE") | Y41: =IF(AND(Y38="OK",Y40="OK"),"JA","NEE") | Z41: =IF(AND(Z38="OK",Z40="OK"),"JA","NEE") | AA41: =IF(AND(AA38="OK",AA40="OK"),"JA","NEE") | AB41: =IF(AND(AB38="OK",AB40="OK"),"JA","NEE") | AC41: =IF(AND(AC38="OK",AC40="OK"),"JA","NEE") | AD41: voldoet aan beide / toegestaan met passieve transformator en gG zekeringen?
C42: Huidige aansluitwaarde: 3x50A | D42: G4, G6, geen of ander gas | F42: 44 | G42: 44 | H42: =F42*B42 | I42: =G42*B42 | J42: =F42*0.23*3*B42 | K42: =G42*0.23*3*B42 | W42: =IF(AND(W39="OK",W40="OK"),"JA","NEE") | X42: =IF(AND(X39="OK",X40="OK"),"JA","NEE") | Y42: =IF(AND(Y39="OK",Y40="OK"),"JA","NEE") | Z42: =IF(AND(Z39="OK",Z40="OK"),"JA","NEE") | AA42: =IF(AND(AA39="OK",AA40="OK"),"JA","NEE") | AB42: =IF(AND(AB39="OK",AB40="OK"),"JA","NEE") | AC42: =IF(AND(AC39="OK",AC40="OK"),"JA","NEE") | AD42: voldoet aan beide / toegestaan met regeltransformator en gFF zekeringen?
C43: Huidige aansluitwaarde: 3x50A | D43: G10 t/m G25 | F43: 65 | G43: 65 | H43: =F43*B43 | I43: =G43*B43 | J43: =F43*0.23*3*B43 | K43: =G43*0.23*3*B43
C44: Huidige aansluitwaarde: 3x50A | D44: > G25 | F44: 65 | G44: 65 | H44: =F44*B44 | I44: =G44*B44 | J44: =F44*0.23*3*B44 | K44: =G44*0.23*3*B44
C45: Huidige aansluitwaarde: 3x63A | D45: G4, G6, geen of ander gas | F45: 51 | G45: 51 | H45: =F45*B45 | I45: =G45*B45 | J45: =F45*0.23*3*B45 | K45: =G45*0.23*3*B45
C46: Huidige aansluitwaarde: 3x63A | D46: G10 t/m G25 | F46: 65 | G46: 65 | H46: =F46*B46 | I46: =G46*B46 | J46: =F46*0.23*3*B46 | K46: =G46*0.23*3*B46 | O46: Belasting geconcentreerd op de laatste helft van de kabel (75%), gebaseerd op tabellen 7 en 9 uit kader Eea-0205.K
C47: Huidige aansluitwaarde: 3x63A | D47: > G25 | F47: 65 | G47: 65 | H47: =F47*B47 | I47: =G47*B47 | J47: =F47*0.23*3*B47 | K47: =G47*0.23*3*B47 | O47: Er moet wel sprake zijn van zogenaamde kabelverjonging, d.w.z. de zwaardere kabels aan het begin van de kabelgroep en de dunnere kabels op het eind van de kabelgroep.
C48: Huidige aansluitwaarde: 3x80A | D48: G4, G6, geen of ander gas | F48: 65 | G48: 65 | H48: =F48*B48 | I48: =G48*B48 | J48: =F48*0.23*3*B48 | K48: =G48*0.23*3*B48
C49: Huidige aansluitwaarde: 3x80A | D49: G10 t/m G25 | F49: 65 | G49: 65 | H49: =F49*B49 | I49: =G49*B49 | J49: =F49*0.23*3*B49 | K49: =G49*0.23*3*B49
C50: Huidige aansluitwaarde: 3x80A | D50: > G25 | F50: 65 | G50: 65 | H50: =F50*B50 | I50: =G50*B50 | J50: =F50*0.23*3*B50 | K50: =G50*0.23*3*B50
C52: Type 9: Grootverbruik LS (eigen richting >3x80A)
C53: Huidige aansluitwaarde: 3x100A | D53: G4, G6, geen of ander gas | F53: 85 | G53: 85 | H53: =F53*B53 | I53: =G53*B53 | J53: =F53*0.23*3*B53 | K53: =G53*0.23*3*B53
D54: G10 t/m G25 | F54: 210 | G54: 210 | H54: =F54*B54 | I54: =G54*B54 | J54: =F54*0.23*3*B54 | K54: =G54*0.23*3*B54
D55: > G25 | F55: 210 | G55: 210 | H55: =F55*B55 | I55: =G55*B55 | J55: =F55*0.23*3*B55 | K55: =G55*0.23*3*B55
C56: Huidige aansluitwaarde: 3x125A | D56: G4, G6, geen of ander gas | F56: 106 | G56: 106 | H56: =F56*B56 | I56: =G56*B56 | J56: =F56*0.23*3*B56 | K56: =G56*0.23*3*B56 | O56: ontwerpstroom | W56: t/m 57A | X56: t/m 72A | Y56: t/m 90A | Z56: t/m 113A | AA56: t/m 144A | AB56: t/m 180A | AC56: t/m 225A
D57: G10 t/m G25 | F57: 210 | G57: 210 | H57: =F57*B57 | I57: =G57*B57 | J57: =F57*0.23*3*B57 | K57: =G57*0.23*3*B57 | O57: smeltveiligheid Inom | W57: 63A | X57: 80A | Y57: 100A | Z57: 125A | AA57: 160A | AB57: 200A | AC57: 250A | AD57: invoer
D58: > G25 | F58: 210 | G58: 210 | H58: =F58*B58 | I58: =G58*B58 | J58: =F58*0.23*3*B58 | K58: =G58*0.23*3*B58 | P58: waarden per 1000m | S58: waarden o.b.v. kabellengte | W58: 63 | X58: 80 | Y58: 100 | Z58: 125 | AA58: 160 | AB58: 200 | AC58: 250 | AD58: kabellengtes
C59: Huidige aansluitwaarde: 3x160A | D59: G4, G6, geen of ander gas | F59: 138 | G59: 138 | H59: =F59*B59 | I59: =G59*B59 | J59: =F59*0.23*3*B59 | K59: =G59*0.23*3*B59 | P59: ohm | Q59: ohm | R59: ohm | S59: ohm | T59: ohm | U59: ohm | V59: A | W59: ohm | X59: ohm | Y59: ohm | Z59: ohm | AA59: ohm | AB59: ohm | AC59: ohm | AD59: per doorsnede
D60: G10 t/m G25 | F60: 210 | G60: 210 | H60: =F60*B60 | I60: =G60*B60 | J60: =F60*0.23*3*B60 | K60: =G60*0.23*3*B60 | W60: 0.215 | X60: 0.17 | Y60: 0.136 | Z60: 0.109 | AA60: 0.085 | AB60: 0.068 | AC60: 0.055
D61: > G25 | F61: 210 | G61: 210 | H61: =F61*B61 | I61: =G61*B61 | J61: =F61*0.23*3*B61 | K61: =G61*0.23*3*B61 | O61: Name | P61: R | Q61: X | R61: Z (berekend) | S61: R | T61: X | U61: Z (berekend) | W61: 0.25 | X61: 0.25 | Y61: 0.25 | Z61: 0.25 | AA61: 0.213 | AB61: 0.17 | AC61: 0.136 | AD61: in meters | AI61: hulptabel
C62: Huidige aansluitwaarde: 3x200A | D62: G4, G6, geen of ander gas | F62: 210 | G62: 210 | H62: =F62*B62 | I62: =G62*B62 | J62: =F62*0.23*3*B62 | K62: =G62*0.23*3*B62 | O62: 4*240mm2 Al | P62: 0.129 | Q62: 0.073 | R62: =SQRT(P62^2+Q62^2) | S62: =+P62*AD62/1000 | T62: =+AD62*Q62/1000 | V62: 359 | W62: =IF(W58<=V62+3,+AD62,"X") | X62: =IF(X58<=V62+3,+AD62,"X") | Y62: =IF(Y58<=V62+3,+AD62,"X") | Z62: =IF(Z58<=V62+3,+AD62,"X") | AA62: =IF(AA58<=V62+3,+AD62,"X") | AB62: =IF(AB58<=V62+3,+AD62,"X") | AC62: =IF(AC58<=V62+3,+AD62,"X") | AE62: 4*240mm2 Al | AG62: =IF(OR(W62=AD62,AND(AD62=0,W62="X")),"OK","niet OK") | AH62: =IF(OR(X62=AD62,AND(AD62=0,X62="X")),"OK","niet OK") | AI62: =IF(OR(Y62=AD62,AND(AD62=0,Y62="X")),"OK","niet OK") | AJ62: =IF(OR(Z62=AD62,AND(AD62=0,Z62="X")),"OK","niet OK") | AK62: =IF(OR(AA62=AD62,AND(AD62=0,AA62="X")),"OK","niet OK") | AL62: =IF(OR(AB62=AD62,AND(AD62=0,AB62="X")),"OK","niet OK") | AM62: =IF(OR(AC62=AD62,AND(AD62=0,AC62="X")),"OK","niet OK")
D63: G10 t/m G25 | F63: 210 | G63: 210 | H63: =F63*B63 | I63: =G63*B63 | J63: =F63*0.23*3*B63 | K63: =G63*0.23*3*B63 | O63: 4*150mm2 Al | P63: 0.206 | Q63: 0.079 | R63: =SQRT(P63^2+Q63^2) | S63: =+P63*AD63/1000 | T63: =+AD63*Q63/1000 | V63: 272 | W63: =IF(W58<=V63+3,+AD63,"X") | X63: =IF(X58<=V63+3,+AD63,"X") | Y63: =IF(Y58<=V63+3,+AD63,"X") | Z63: =IF(Z58<=V63+3,+AD63,"X") | AA63: =IF(AA58<=V63+3,+AD63,"X") | AB63: =IF(AB58<=V63+3,+AD63,"X") | AC63: =IF(AC58<=V63+3,+AD63,"X") | AE63: 4*150mm2 Al | AG63: =IF(OR(W63=AD63,AND(AD63=0,W63="X")),"OK","niet OK") | AH63: =IF(OR(X63=AD63,AND(AD63=0,X63="X")),"OK","niet OK") | AI63: =IF(OR(Y63=AD63,AND(AD63=0,Y63="X")),"OK","niet OK") | AJ63: =IF(OR(Z63=AD63,AND(AD63=0,Z63="X")),"OK","niet OK") | AK63: =IF(OR(AA63=AD63,AND(AD63=0,AA63="X")),"OK","niet OK") | AL63: =IF(OR(AB63=AD63,AND(AD63=0,AB63="X")),"OK","niet OK") | AM63: =IF(OR(AC63=AD63,AND(AD63=0,AC63="X")),"OK","niet OK")
D64: > G25 | F64: 210 | G64: 210 | H64: =F64*B64 | I64: =G64*B64 | J64: =F64*0.23*3*B64 | K64: =G64*0.23*3*B64 | O64: 4*120mm2 Al | P64: 0.281 | Q64: 0.081 | R64: =SQRT(P64^2+Q64^2) | S64: =+P64*AD64/1000 | T64: =+AD64*Q64/1000 | V64: 243 | W64: =IF(W58<=V64+3,+AD64,"X") | X64: =IF(X58<=V64+3,+AD64,"X") | Y64: =IF(Y58<=V64+3,+AD64,"X") | Z64: =IF(Z58<=V64+3,+AD64,"X") | AA64: =IF(AA58<=V64+3,+AD64,"X") | AB64: =IF(AB58<=V64+3,+AD64,"X") | AC64: =IF(AC58<=V64+3,+AD64,"X") | AE64: 4*120mm2 Al | AG64: =IF(OR(W64=AD64,AND(AD64=0,W64="X")),"OK","niet OK") | AH64: =IF(OR(X64=AD64,AND(AD64=0,X64="X")),"OK","niet OK") | AI64: =IF(OR(Y64=AD64,AND(AD64=0,Y64="X")),"OK","niet OK") | AJ64: =IF(OR(Z64=AD64,AND(AD64=0,Z64="X")),"OK","niet OK") | AK64: =IF(OR(AA64=AD64,AND(AD64=0,AA64="X")),"OK","niet OK") | AL64: =IF(OR(AB64=AD64,AND(AD64=0,AB64="X")),"OK","niet OK") | AM64: =IF(OR(AC64=AD64,AND(AD64=0,AC64="X")),"OK","niet OK")
C65: Huidige aansluitwaarde: 3x250A | D65: G4, G6, geen of ander gas | F65: 210 | G65: 210 | H65: =F65*B65 | I65: =G65*B65 | J65: =F65*0.23*3*B65 | K65: =G65*0.23*3*B65 | O65: 4*95mm2 Al | P65: 0.32 | Q65: 0.082 | R65: =SQRT(P65^2+Q65^2) | S65: =+P65*AD65/1000 | T65: =+AD65*Q65/1000 | V65: 213 | W65: =IF(W58<=V65+3,+AD65,"X") | X65: =IF(X58<=V65+3,+AD65,"X") | Y65: =IF(Y58<=V65+3,+AD65,"X") | Z65: =IF(Z58<=V65+3,+AD65,"X") | AA65: =IF(AA58<=V65+3,+AD65,"X") | AB65: =IF(AB58<=V65+3,+AD65,"X") | AC65: =IF(AC58<=V65+3,+AD65,"X") | AE65: 4*95mm2 Al | AG65: =IF(OR(W65=AD65,AND(AD65=0,W65="X")),"OK","niet OK") | AH65: =IF(OR(X65=AD65,AND(AD65=0,X65="X")),"OK","niet OK") | AI65: =IF(OR(Y65=AD65,AND(AD65=0,Y65="X")),"OK","niet OK") | AJ65: =IF(OR(Z65=AD65,AND(AD65=0,Z65="X")),"OK","niet OK") | AK65: =IF(OR(AA65=AD65,AND(AD65=0,AA65="X")),"OK","niet OK") | AL65: =IF(OR(AB65=AD65,AND(AD65=0,AB65="X")),"OK","niet OK") | AM65: =IF(OR(AC65=AD65,AND(AD65=0,AC65="X")),"OK","niet OK")
D66: G10 t/m G25 | F66: 210 | G66: 210 | H66: =F66*B66 | I66: =G66*B66 | J66: =F66*0.23*3*B66 | K66: =G66*0.23*3*B66 | O66: 4*70mm2 Al | P66: 0.443 | Q66: =(Q65+Q67)/2 | R66: =SQRT(P66^2+Q66^2) | S66: =+P66*AD66/1000 | T66: =+AD66*Q66/1000 | V66: 177 | W66: =IF(W58<=V66+3,+AD66,"X") | X66: =IF(X58<=V66+3,+AD66,"X") | Y66: =IF(Y58<=V66+3,+AD66,"X") | Z66: =IF(Z58<=V66+3,+AD66,"X") | AA66: =IF(AA58<=V66+3,+AD66,"X") | AB66: =IF(AB58<=V66+3,+AD66,"X") | AC66: =IF(AC58<=V66+3,+AD66,"X") | AE66: 4*70mm2 Al | AG66: =IF(OR(W66=AD66,AND(AD66=0,W66="X")),"OK","niet OK") | AH66: =IF(OR(X66=AD66,AND(AD66=0,X66="X")),"OK","niet OK") | AI66: =IF(OR(Y66=AD66,AND(AD66=0,Y66="X")),"OK","niet OK") | AJ66: =IF(OR(Z66=AD66,AND(AD66=0,Z66="X")),"OK","niet OK") | AK66: =IF(OR(AA66=AD66,AND(AD66=0,AA66="X")),"OK","niet OK") | AL66: =IF(OR(AB66=AD66,AND(AD66=0,AB66="X")),"OK","niet OK") | AM66: =IF(OR(AC66=AD66,AND(AD66=0,AC66="X")),"OK","niet OK")
D67: > G25 | F67: 210 | G67: 210 | H67: =F67*B67 | I67: =G67*B67 | J67: =F67*0.23*3*B67 | K67: =G67*0.23*3*B67 | O67: 4*50mm2 Al | P67: 0.641 | Q67: 0.085 | R67: =SQRT(P67^2+Q67^2) | S67: =+P67*AD67/1000 | T67: =+AD67*Q67/1000 | V67: 144 | W67: =IF(W58<=V67+3,+AD67,"X") | X67: =IF(X58<=V67+3,+AD67,"X") | Y67: =IF(Y58<=V67+3,+AD67,"X") | Z67: =IF(Z58<=V67+3,+AD67,"X") | AA67: =IF(AA58<=V67+3,+AD67,"X") | AB67: =IF(AB58<=V67+3,+AD67,"X") | AC67: =IF(AC58<=V67+3,+AD67,"X") | AE67: 4*50mm2 Al | AG67: =IF(OR(W67=AD67,AND(AD67=0,W67="X")),"OK","niet OK") | AH67: =IF(OR(X67=AD67,AND(AD67=0,X67="X")),"OK","niet OK") | AI67: =IF(OR(Y67=AD67,AND(AD67=0,Y67="X")),"OK","niet OK") | AJ67: =IF(OR(Z67=AD67,AND(AD67=0,Z67="X")),"OK","niet OK") | AK67: =IF(OR(AA67=AD67,AND(AD67=0,AA67="X")),"OK","niet OK") | AL67: =IF(OR(AB67=AD67,AND(AD67=0,AB67="X")),"OK","niet OK") | AM67: =IF(OR(AC67=AD67,AND(AD67=0,AC67="X")),"OK","niet OK")
O68: 4*35mm2 Al | P68: 0.868 | Q68: 0.101 | R68: =SQRT(P68^2+Q68^2) | S68: =+P68*AD68/1000 | T68: =+AD68*Q68/1000 | V68: 120 | W68: =IF(W58<=V68+3,+AD68,"X") | X68: =IF(X58<=V68+3,+AD68,"X") | Y68: =IF(Y58<=V68+3,+AD68,"X") | Z68: =IF(Z58<=V68+3,+AD68,"X") | AA68: =IF(AA58<=V68+3,+AD68,"X") | AB68: =IF(AB58<=V68+3,+AD68,"X") | AC68: =IF(AC58<=V68+3,+AD68,"X") | AE68: 4*35mm2 Al | AG68: =IF(OR(W68=AD68,AND(AD68=0,W68="X")),"OK","niet OK") | AH68: =IF(OR(X68=AD68,AND(AD68=0,X68="X")),"OK","niet OK") | AI68: =IF(OR(Y68=AD68,AND(AD68=0,Y68="X")),"OK","niet OK") | AJ68: =IF(OR(Z68=AD68,AND(AD68=0,Z68="X")),"OK","niet OK") | AK68: =IF(OR(AA68=AD68,AND(AD68=0,AA68="X")),"OK","niet OK") | AL68: =IF(OR(AB68=AD68,AND(AD68=0,AB68="X")),"OK","niet OK") | AM68: =IF(OR(AC68=AD68,AND(AD68=0,AC68="X")),"OK","niet OK")
C69: Type 10: Netbewust publiek laden | O69: 4*25mm2 Al | P69: 1.2 | Q69: 0.094 | R69: =SQRT(P69^2+Q69^2) | S69: =+P69*AD69/1000 | T69: =+AD69*Q69/1000 | V69: 100 | W69: =IF(W58<=V69+3,+AD69,"X") | X69: =IF(X58<=V69+3,+AD69,"X") | Y69: =IF(Y58<=V69+3,+AD69,"X") | Z69: =IF(Z58<=V69+3,+AD69,"X") | AA69: =IF(AA58<=V69+3,+AD69,"X") | AB69: =IF(AB58<=V69+3,+AD69,"X") | AC69: =IF(AC58<=V69+3,+AD69,"X") | AE69: 4*25mm2 Al | AG69: =IF(OR(W69=AD69,AND(AD69=0,W69="X")),"OK","niet OK") | AH69: =IF(OR(X69=AD69,AND(AD69=0,X69="X")),"OK","niet OK") | AI69: =IF(OR(Y69=AD69,AND(AD69=0,Y69="X")),"OK","niet OK") | AJ69: =IF(OR(Z69=AD69,AND(AD69=0,Z69="X")),"OK","niet OK") | AK69: =IF(OR(AA69=AD69,AND(AD69=0,AA69="X")),"OK","niet OK") | AL69: =IF(OR(AB69=AD69,AND(AD69=0,AB69="X")),"OK","niet OK") | AM69: =IF(OR(AC69=AD69,AND(AD69=0,AC69="X")),"OK","niet OK")
C70: Aansluiting 3x25A | F70: 4.8 | H70: =F70*B70 | J70: =F70*0.23*3*B70 | O70: 4*16mm2 Al | P70: 1.91 | Q70: 0.096 | R70: =SQRT(P70^2+Q70^2) | S70: =+P70*AD70/1000 | T70: =+AD70*Q70/1000 | V70: 78 | W70: =IF(W58<=V70+3,+AD70,"X") | X70: =IF(X58<=V70+3,+AD70,"X") | Y70: =IF(Y58<=V70+3,+AD70,"X") | Z70: =IF(Z58<=V70+3,+AD70,"X") | AA70: =IF(AA58<=V70+3,+AD70,"X") | AB70: =IF(AB58<=V70+3,+AD70,"X") | AC70: =IF(AC58<=V70+3,+AD70,"X") | AE70: 4*16mm2 Al | AG70: =IF(OR(W70=AD70,AND(AD70=0,W70="X")),"OK","niet OK") | AH70: =IF(OR(X70=AD70,AND(AD70=0,X70="X")),"OK","niet OK") | AI70: =IF(OR(Y70=AD70,AND(AD70=0,Y70="X")),"OK","niet OK") | AJ70: =IF(OR(Z70=AD70,AND(AD70=0,Z70="X")),"OK","niet OK") | AK70: =IF(OR(AA70=AD70,AND(AD70=0,AA70="X")),"OK","niet OK") | AL70: =IF(OR(AB70=AD70,AND(AD70=0,AB70="X")),"OK","niet OK") | AM70: =IF(OR(AC70=AD70,AND(AD70=0,AC70="X")),"OK","niet OK")
C72: Type 11: Straatmeubilair | O72: 4*185mm2 Cu | P72: 0.107 | Q72: 0.068 | R72: =SQRT(P72^2+Q72^2) | S72: =+P72*AD72/1000 | T72: =+AD72*Q72/1000 | V72: 393 | W72: =IF(W58<=V72+3,+AD72,"X") | X72: =IF(X58<=V72+3,+AD72,"X") | Y72: =IF(Y58<=V72+3,+AD72,"X") | Z72: =IF(Z58<=V72+3,+AD72,"X") | AA72: =IF(AA58<=V72+3,+AD72,"X") | AB72: =IF(AB58<=V72+3,+AD72,"X") | AC72: =IF(AC58<=V72+3,+AD72,"X") | AE72: 4*185mm2 Cu | AG72: =IF(OR(W72=AD72,AND(AD72=0,W72="X")),"OK","niet OK") | AH72: =IF(OR(X72=AD72,AND(AD72=0,X72="X")),"OK","niet OK") | AI72: =IF(OR(Y72=AD72,AND(AD72=0,Y72="X")),"OK","niet OK") | AJ72: =IF(OR(Z72=AD72,AND(AD72=0,Z72="X")),"OK","niet OK") | AK72: =IF(OR(AA72=AD72,AND(AD72=0,AA72="X")),"OK","niet OK") | AL72: =IF(OR(AB72=AD72,AND(AD72=0,AB72="X")),"OK","niet OK") | AM72: =IF(OR(AC72=AD72,AND(AD72=0,AC72="X")),"OK","niet OK")
C73: Aansluiting 3x25A | F73: 5.8 | H73: =F73*B73 | J73: =F73*0.23*3*B73 | O73: 4*150mm2 Cu | P73: 0.125 | Q73: 0.068 | R73: =SQRT(P73^2+Q73^2) | S73: =+P73*AD73/1000 | T73: =+AD73*Q73/1000 | V73: 348 | W73: =IF(W58<=V73+3,+AD73,"X") | X73: =IF(X58<=V73+3,+AD73,"X") | Y73: =IF(Y58<=V73+3,+AD73,"X") | Z73: =IF(Z58<=V73+3,+AD73,"X") | AA73: =IF(AA58<=V73+3,+AD73,"X") | AB73: =IF(AB58<=V73+3,+AD73,"X") | AC73: =IF(AC58<=V73+3,+AD73,"X") | AE73: 4*150mm2 Cu | AG73: =IF(OR(W73=AD73,AND(AD73=0,W73="X")),"OK","niet OK") | AH73: =IF(OR(X73=AD73,AND(AD73=0,X73="X")),"OK","niet OK") | AI73: =IF(OR(Y73=AD73,AND(AD73=0,Y73="X")),"OK","niet OK") | AJ73: =IF(OR(Z73=AD73,AND(AD73=0,Z73="X")),"OK","niet OK") | AK73: =IF(OR(AA73=AD73,AND(AD73=0,AA73="X")),"OK","niet OK") | AL73: =IF(OR(AB73=AD73,AND(AD73=0,AB73="X")),"OK","niet OK") | AM73: =IF(OR(AC73=AD73,AND(AD73=0,AC73="X")),"OK","niet OK")
C74: Aansluiting 3x40A t/m 3x50A | F74: 22 | H74: =F74*B74 | J74: =F74*0.23*3*B74 | O74: 4*120mm2 Cu | P74: 0.152 | Q74: 0.069 | R74: 0.16692813 | S74: =+P74*AD74/1000 | T74: =+AD74*Q74/1000 | V74: 307 | W74: =IF(W58<=V74+3,+AD74,"X") | X74: =IF(X58<=V74+3,+AD74,"X") | Y74: =IF(Y58<=V74+3,+AD74,"X") | Z74: =IF(Z58<=V74+3,+AD74,"X") | AA74: =IF(AA58<=V74+3,+AD74,"X") | AB74: =IF(AB58<=V74+3,+AD74,"X") | AC74: =IF(AC58<=V74+3,+AD74,"X") | AE74: 4*120mm2 Cu | AG74: =IF(OR(W74=AD74,AND(AD74=0,W74="X")),"OK","niet OK") | AH74: =IF(OR(X74=AD74,AND(AD74=0,X74="X")),"OK","niet OK") | AI74: =IF(OR(Y74=AD74,AND(AD74=0,Y74="X")),"OK","niet OK") | AJ74: =IF(OR(Z74=AD74,AND(AD74=0,Z74="X")),"OK","niet OK") | AK74: =IF(OR(AA74=AD74,AND(AD74=0,AA74="X")),"OK","niet OK") | AL74: =IF(OR(AB74=AD74,AND(AD74=0,AB74="X")),"OK","niet OK") | AM74: =IF(OR(AC74=AD74,AND(AD74=0,AC74="X")),"OK","niet OK")
C75: Aansluiting 3x63A t/m 3x80A | F75: 36 | H75: =F75*B75 | J75: =F75*0.23*3*B75 | O75: 4*95mm2 Cu | P75: 0.194 | Q75: 0.069 | R75: =SQRT(P75^2+Q75^2) | S75: =+P75*AD75/1000 | T75: =+AD75*Q75/1000 | V75: 272 | W75: =IF(W58<=V75+3,+AD75,"X") | X75: =IF(X58<=V75+3,+AD75,"X") | Y75: =IF(Y58<=V75+3,+AD75,"X") | Z75: =IF(Z58<=V75+3,+AD75,"X") | AA75: =IF(AA58<=V75+3,+AD75,"X") | AB75: =IF(AB58<=V75+3,+AD75,"X") | AC75: =IF(AC58<=V75+3,+AD75,"X") | AE75: 4*95mm2 Cu | AG75: =IF(OR(W75=AD75,AND(AD75=0,W75="X")),"OK","niet OK") | AH75: =IF(OR(X75=AD75,AND(AD75=0,X75="X")),"OK","niet OK") | AI75: =IF(OR(Y75=AD75,AND(AD75=0,Y75="X")),"OK","niet OK") | AJ75: =IF(OR(Z75=AD75,AND(AD75=0,Z75="X")),"OK","niet OK") | AK75: =IF(OR(AA75=AD75,AND(AD75=0,AA75="X")),"OK","niet OK") | AL75: =IF(OR(AB75=AD75,AND(AD75=0,AB75="X")),"OK","niet OK") | AM75: =IF(OR(AC75=AD75,AND(AD75=0,AC75="X")),"OK","niet OK")
O76: 4*70mm2 Cu | P76: 0.268 | Q76: 0.072 | R76: =SQRT(P76^2+Q76^2) | S76: =+P76*AD76/1000 | T76: =+AD76*Q76/1000 | V76: 227 | W76: =IF(W58<=V76+3,+AD76,"X") | X76: =IF(X58<=V76+3,+AD76,"X") | Y76: =IF(Y58<=V76+3,+AD76,"X") | Z76: =IF(Z58<=V76+3,+AD76,"X") | AA76: =IF(AA58<=V76+3,+AD76,"X") | AB76: =IF(AB58<=V76+3,+AD76,"X") | AC76: =IF(AC58<=V76+3,+AD76,"X") | AE76: 4*70mm2 Cu | AG76: =IF(OR(W76=AD76,AND(AD76=0,W76="X")),"OK","niet OK") | AH76: =IF(OR(X76=AD76,AND(AD76=0,X76="X")),"OK","niet OK") | AI76: =IF(OR(Y76=AD76,AND(AD76=0,Y76="X")),"OK","niet OK") | AJ76: =IF(OR(Z76=AD76,AND(AD76=0,Z76="X")),"OK","niet OK") | AK76: =IF(OR(AA76=AD76,AND(AD76=0,AA76="X")),"OK","niet OK") | AL76: =IF(OR(AB76=AD76,AND(AD76=0,AB76="X")),"OK","niet OK") | AM76: =IF(OR(AC76=AD76,AND(AD76=0,AC76="X")),"OK","niet OK")
C77: Totale ontwerpstroom op de kabel (A) | D77: =MAX(SUM(H5:H75),SUM(I5:I75)) | O77: 4*50mm2 Cu | P77: 0.387 | Q77: 0.085 | R77: =SQRT(P77^2+Q77^2) | S77: =+P77*AD77/1000 | T77: =+AD77*Q77/1000 | V77: 182 | W77: =IF(W58<=V77+3,+AD77,"X") | X77: =IF(X58<=V77+3,+AD77,"X") | Y77: =IF(Y58<=V77+3,+AD77,"X") | Z77: =IF(Z58<=V77+3,+AD77,"X") | AA77: =IF(AA58<=V77+3,+AD77,"X") | AB77: =IF(AB58<=V77+3,+AD77,"X") | AC77: =IF(AC58<=V77+3,+AD77,"X") | AE77: 4*50mm2 Cu | AG77: =IF(OR(W77=AD77,AND(AD77=0,W77="X")),"OK","niet OK") | AH77: =IF(OR(X77=AD77,AND(AD77=0,X77="X")),"OK","niet OK") | AI77: =IF(OR(Y77=AD77,AND(AD77=0,Y77="X")),"OK","niet OK") | AJ77: =IF(OR(Z77=AD77,AND(AD77=0,Z77="X")),"OK","niet OK") | AK77: =IF(OR(AA77=AD77,AND(AD77=0,AA77="X")),"OK","niet OK") | AL77: =IF(OR(AB77=AD77,AND(AD77=0,AB77="X")),"OK","niet OK") | AM77: =IF(OR(AC77=AD77,AND(AD77=0,AC77="X")),"OK","niet OK")
O78: 4*35mm2 Cu | P78: 0.524 | Q78: 0.1 | R78: =SQRT(P78^2+Q78^2) | S78: =+P78*AD78/1000 | T78: =+AD78*Q78/1000 | V78: 154 | W78: =IF(W58<=V78+3,+AD78,"X") | X78: =IF(X58<=V78+3,+AD78,"X") | Y78: =IF(Y58<=V78+3,+AD78,"X") | Z78: =IF(Z58<=V78+3,+AD78,"X") | AA78: =IF(AA58<=V78+3,+AD78,"X") | AB78: =IF(AB58<=V78+3,+AD78,"X") | AC78: =IF(AC58<=V78+3,+AD78,"X") | AE78: 4*35mm2 Cu | AG78: =IF(OR(W78=AD78,AND(AD78=0,W78="X")),"OK","niet OK") | AH78: =IF(OR(X78=AD78,AND(AD78=0,X78="X")),"OK","niet OK") | AI78: =IF(OR(Y78=AD78,AND(AD78=0,Y78="X")),"OK","niet OK") | AJ78: =IF(OR(Z78=AD78,AND(AD78=0,Z78="X")),"OK","niet OK") | AK78: =IF(OR(AA78=AD78,AND(AD78=0,AA78="X")),"OK","niet OK") | AL78: =IF(OR(AB78=AD78,AND(AD78=0,AB78="X")),"OK","niet OK") | AM78: =IF(OR(AC78=AD78,AND(AD78=0,AC78="X")),"OK","niet OK")
D79: Verdeel gekozen aansluitingen over meerdere kabels indien ontwerpstroom groter dan 225A is! | O79: 4*25mm2 Cu | P79: 0.727 | Q79: 0.094 | R79: =SQRT(P79^2+Q79^2) | S79: =+P79*AD79/1000 | T79: =+AD79*Q79/1000 | V79: 128 | W79: =IF(W58<=V79+3,+AD79,"X") | X79: =IF(X58<=V79+3,+AD79,"X") | Y79: =IF(Y58<=V79+3,+AD79,"X") | Z79: =IF(Z58<=V79+3,+AD79,"X") | AA79: =IF(AA58<=V79+3,+AD79,"X") | AB79: =IF(AB58<=V79+3,+AD79,"X") | AC79: =IF(AC58<=V79+3,+AD79,"X") | AE79: 4*25mm2 Cu | AG79: =IF(OR(W79=AD79,AND(AD79=0,W79="X")),"OK","niet OK") | AH79: =IF(OR(X79=AD79,AND(AD79=0,X79="X")),"OK","niet OK") | AI79: =IF(OR(Y79=AD79,AND(AD79=0,Y79="X")),"OK","niet OK") | AJ79: =IF(OR(Z79=AD79,AND(AD79=0,Z79="X")),"OK","niet OK") | AK79: =IF(OR(AA79=AD79,AND(AD79=0,AA79="X")),"OK","niet OK") | AL79: =IF(OR(AB79=AD79,AND(AD79=0,AB79="X")),"OK","niet OK") | AM79: =IF(OR(AC79=AD79,AND(AD79=0,AC79="X")),"OK","niet OK")
O80: 4*16mm2 Cu | P80: 1.15 | Q80: 0.097 | R80: =SQRT(P80^2+Q80^2) | S80: =+P80*AD80/1000 | T80: =+AD80*Q80/1000 | V80: 99 | W80: =IF(W58<=V80+3,+AD80,"X") | X80: =IF(X58<=V80+3,+AD80,"X") | Y80: =IF(Y58<=V80+3,+AD80,"X") | Z80: =IF(Z58<=V80+3,+AD80,"X") | AA80: =IF(AA58<=V80+3,+AD80,"X") | AB80: =IF(AB58<=V80+3,+AD80,"X") | AC80: =IF(AC58<=V80+3,+AD80,"X") | AE80: 4*16mm2 Cu | AG80: =IF(OR(W80=AD80,AND(AD80=0,W80="X")),"OK","niet OK") | AH80: =IF(OR(X80=AD80,AND(AD80=0,X80="X")),"OK","niet OK") | AI80: =IF(OR(Y80=AD80,AND(AD80=0,Y80="X")),"OK","niet OK") | AJ80: =IF(OR(Z80=AD80,AND(AD80=0,Z80="X")),"OK","niet OK") | AK80: =IF(OR(AA80=AD80,AND(AD80=0,AA80="X")),"OK","niet OK") | AL80: =IF(OR(AB80=AD80,AND(AD80=0,AB80="X")),"OK","niet OK") | AM80: =IF(OR(AC80=AD80,AND(AD80=0,AC80="X")),"OK","niet OK")
O82: totale samengestelde impedantie | S82: =SUM(S62:S81) | T82: =SUM(T62:T81) | U82: =SQRT(S82^2+T82^2) | W82: =IF(U82<=W60,"OK","niet OK") | X82: =IF(U82<=X60,"OK","niet OK") | Y82: =IF(U82<=Y60,"OK","niet OK") | Z82: =IF(U82<=Z60,"OK","niet OK") | AA82: =IF(U82<=AA60,"OK","niet OK") | AB82: =IF(U82<=AB60,"OK","niet OK") | AC82: =IF(U82<=AC60,"OK","niet OK") | AD82: t.a.v. totale impedantie passieve trafo en gG
W83: =IF(U82<=W61,"OK","niet OK") | X83: =IF(U82<=X61,"OK","niet OK") | Y83: =IF(U82<=Y61,"OK","niet OK") | Z83: =IF(U82<=Z61,"OK","niet OK") | AA83: =IF(U82<=AA61,"OK","niet OK") | AB83: =IF(U82<=AB61,"OK","niet OK") | AC83: =IF(U82<=AC61,"OK","niet OK") | AD83: t.a.v. totale impedantie regeltrafo en gFF
W84: =IF(AND(AG62="OK",AG63="OK",AG64="OK",AG65="OK",AG66="OK",AG67="OK",AG68="OK",AG69="OK",AG70="OK",AG72="OK",AG73="OK",AG75="OK",AG76="OK",AG77="OK",AG78="OK",AG79="OK",AG80="OK"),"OK","niet OK") | X84: =IF(AND(AH62="OK",AH63="OK",AH64="OK",AH65="OK",AH66="OK",AH67="OK",AH68="OK",AH69="OK",AH70="OK",AH72="OK",AH73="OK",AH75="OK",AH76="OK",AH77="OK",AH78="OK",AH79="OK",AH80="OK"),"OK","niet OK") | Y84: =IF(AND(AI62="OK",AI63="OK",AI64="OK",AI65="OK",AI66="OK",AI67="OK",AI68="OK",AI69="OK",AI70="OK",AI72="OK",AI73="OK",AI75="OK",AI76="OK",AI77="OK",AI78="OK",AI79="OK",AI80="OK"),"OK","niet OK") | Z84: =IF(AND(AJ62="OK",AJ63="OK",AJ64="OK",AJ65="OK",AJ66="OK",AJ67="OK",AJ68="OK",AJ69="OK",AJ70="OK",AJ72="OK",AJ73="OK",AJ75="OK",AJ76="OK",AJ77="OK",AJ78="OK",AJ79="OK",AJ80="OK"),"OK","niet OK") | AA84: =IF(AND(AK62="OK",AK63="OK",AK64="OK",AK65="OK",AK66="OK",AK67="OK",AK68="OK",AK69="OK",AK70="OK",AK72="OK",AK73="OK",AK75="OK",AK76="OK",AK77="OK",AK78="OK",AK79="OK",AK80="OK"),"OK","niet OK") | AB84: =IF(AND(AL62="OK",AL63="OK",AL64="OK",AL65="OK",AL66="OK",AL67="OK",AL68="OK",AL69="OK",AL70="OK",AL72="OK",AL73="OK",AL75="OK",AL76="OK",AL77="OK",AL78="OK",AL79="OK",AL80="OK"),"OK","niet OK") | AC84: =IF(AND(AM62="OK",AM63="OK",AM64="OK",AM65="OK",AM66="OK",AM67="OK",AM68="OK",AM69="OK",AM70="OK",AM72="OK",AM73="OK",AM75="OK",AM76="OK",AM77="OK",AM78="OK",AM79="OK",AM80="OK"),"OK","niet OK") | AD84: t.a.v. ontwerpstroom
W85: =IF(AND(W82="OK",W84="OK"),"JA","NEE") | X85: =IF(AND(X82="OK",X84="OK"),"JA","NEE") | Y85: =IF(AND(Y82="OK",Y84="OK"),"JA","NEE") | Z85: =IF(AND(Z82="OK",Z84="OK"),"JA","NEE") | AA85: =IF(AND(AA82="OK",AA84="OK"),"JA","NEE") | AB85: =IF(AND(AB82="OK",AB84="OK"),"JA","NEE") | AC85: =IF(AND(AC82="OK",AC84="OK"),"JA","NEE") | AD85: voldoet aan beide / toegestaan met passieve transformator en gG zekeringen?
W86: =IF(AND(W83="OK",W84="OK"),"JA","NEE") | X86: =IF(AND(X83="OK",X84="OK"),"JA","NEE") | Y86: =IF(AND(Y83="OK",Y84="OK"),"JA","NEE") | Z86: =IF(AND(Z83="OK",Z84="OK"),"JA","NEE") | AA86: =IF(AND(AA83="OK",AA84="OK"),"JA","NEE") | AB86: =IF(AND(AB83="OK",AB84="OK"),"JA","NEE") | AC86: =IF(AND(AC83="OK",AC84="OK"),"JA","NEE") | AD86: voldoet aan beide / toegestaan met regeltransformator en gFF zekeringen?

Sheet (4)
A1: Vul alleen de | C1: vlakken in. | F1: Ontwerpstroom kabel | O1: Verschillende doorsnedes in dezelfde kabelgroep! Let op: Alleen de gele velden zijn invoervelden ! | AD1: Invoervelden
B2: Aantal van eenheid | C2: Type wooneenheid | F2: Ontwerpstroom verbruik per eenheid | G2: Ontwerpstroom opwek per eenheid | H2: Totaal verbruik op kabelniveau in A | I2: Totaal opwek op kabelniveau in A | J2: Totaal verbruik op kabelniveau in kW | K2: Totaal opwek op kabelniveau in kW | M2: Opmerkingen | O2: Evenredig verdeelde belasting over de kabel (50%), gebaseerd op tabellen 6 en 8 uit kader Eea-0205.K
O3: Er moet wel sprake zijn van zogenaamde kabelverjonging, d.w.z. de zwaardere kabels aan het begin van de kabelgroep en de dunnere kabels op het eind van de kabelgroep.
C4: Type 1: Laagbouw huishoudens t/m bouwjaar 2021 met een individuele warmtepomp en tapwaterbuffer
C5: Vrijstaand | F5: 8.1 | G5: 9.2 | H5: =F5*B5 | I5: =G5*B5 | J5: =F5*0.23*3*B5 | K5: =G5*0.23*3*B5
C6: Twee onder een kap | F6: 7.1 | G6: 7 | H6: =F6*B6 | I6: =G6*B6 | J6: =F6*0.23*3*B6 | K6: =G6*0.23*3*B6
C7: Rijtjeswoning (woonboten, woonwagens, chalets en vakantiehuisjes) | F7: 6.4 | G7: 5.9 | H7: =F7*B7 | I7: =G7*B7 | J7: =F7*0.23*3*B7 | K7: =G7*0.23*3*B7
C8: Onbekend | F8: 6.8 | G8: 5.9 | H8: =F8*B8 | I8: =G8*B8 | J8: =F8*0.23*3*B8 | K8: =G8*0.23*3*B8
C10: Type 2: Laagbouw huishoudens met stads- of gasverwarming
C11: Vrijstaand | F11: 3.9 | G11: 8.9 | H11: =F11*B11 | I11: =G11*B11 | J11: =F11*0.23*3*B11 | K11: =G11*0.23*3*B11
C12: Twee onder een kap | F12: 3.9 | G12: 6.8 | H12: =F12*B12 | I12: =G12*B12 | J12: =F12*0.23*3*B12 | K12: =G12*0.23*3*B12 | O12: ontwerpstroom | W12: t/m 57A | X12: t/m 72A | Y12: t/m 90A | Z12: t/m 113A | AA12: t/m 144A | AB12: t/m 180A | AC12: t/m 225A
C13: Rijtjeswoning (woonboten, woonwagens, chalets en vakantiehuisjes) | F13: 3.9 | G13: 5.7 | H13: =F13*B13 | I13: =G13*B13 | J13: =F13*0.23*3*B13 | K13: =G13*0.23*3*B13 | O13: smeltveiligheid Inom | W13: 63A | X13: 80A | Y13: 100A | Z13: 125A | AA13: 160A | AB13: 200A | AC13: 250A | AD13: invoer
C14: Onbekend | F14: 3.9 | G14: 5.7 | H14: =F14*B14 | I14: =G14*B14 | J14: =F14*0.23*3*B14 | K14: =G14*0.23*3*B14 | P14: waarden per 1000m | S14: waarden o.b.v. kabellengte | W14: 63 | X14: 80 | Y14: 100 | Z14: 125 | AA14: 160 | AB14: 200 | AC14: 250 | AD14: kabellengtes
P15: ohm | Q15: ohm | R15: ohm | S15: ohm | T15: ohm | U15: ohm | V15: A | W15: ohm | X15: ohm | Y15: ohm | Z15: ohm | AA15: ohm | AB15: ohm | AC15: ohm | AD15: per doorsnede
C16: Type 3: Laagbouw huishoudens vanaf bouwjaar 2022 met een individuele warmtepomp en tapwaterbuffer | W16: 0.25 | X16: 0.25 | Y16: 0.204 | Z16: 0.163 | AA16: 0.128 | AB16: 0.092 | AC16: 0.062
C17: Vrijstaand | F17: 7.54 | G17: 9.2 | H17: =F17*B17 | I17: =G17*B17 | J17: =F17*0.23*3*B17 | K17: =G17*0.23*3*B17 | O17: Name | P17: R | Q17: X | R17: Z (berekend) | S17: R | T17: X | U17: Z (berekend) | W17: 0.25 | X17: 0.25 | Y17: 0.25 | Z17: 0.25 | AA17: 0.25 | AB17: 0.218 | AC17: 0.171 | AD17: in meters | AI17: hulptabel
C18: Twee onder een kap | F18: 6.8 | G18: 7 | H18: =F18*B18 | I18: =G18*B18 | J18: =F18*0.23*3*B18 | K18: =G18*0.23*3*B18 | O18: 4*240mm2 Al | P18: 0.129 | Q18: 0.073 | R18: =SQRT(P18^2+Q18^2) | S18: =+P18*AD18/1000 | T18: =+AD18*Q18/1000 | V18: 359 | W18: =IF(W14<=V18+3,+AD18,"X") | X18: =IF(X14<=V18+3,+AD18,"X") | Y18: =IF(Y14<=V18+3,+AD18,"X") | Z18: =IF(Z14<=V18+3,+AD18,"X") | AA18: =IF(AA14<=V18+3,+AD18,"X") | AB18: =IF(AB14<=V18+3,+AD18,"X") | AC18: =IF(AC14<=V18+3,+AD18,"X") | AE18: 4*240mm2 Al | AG18: =IF(OR(W18=AD18,AND(AD18=0,W18="X")),"OK","niet OK") | AH18: =IF(OR(X18=AD18,AND(AD18=0,X18="X")),"OK","niet OK") | AI18: =IF(OR(Y18=AD18,AND(AD18=0,Y18="X")),"OK","niet OK") | AJ18: =IF(OR(Z18=AD18,AND(AD18=0,Z18="X")),"OK","niet OK") | AK18: =IF(OR(AA18=AD18,AND(AD18=0,AA18="X")),"OK","niet OK") | AL18: =IF(OR(AB18=AD18,AND(AD18=0,AB18="X")),"OK","niet OK") | AM18: =IF(OR(AC18=AD18,AND(AD18=0,AC18="X")),"OK","niet OK")
C19: Rijtjeswoning | F19: 6.3 | G19: 5.9 | H19: =F19*B19 | I19: =G19*B19 | J19: =F19*0.23*3*B19 | K19: =G19*0.23*3*B19 | O19: 4*150mm2 Al | P19: 0.206 | Q19: 0.079 | R19: =SQRT(P19^2+Q19^2) | S19: =+P19*AD19/1000 | T19: =+AD19*Q19/1000 | V19: 272 | W19: =IF(W14<=V19+3,+AD19,"X") | X19: =IF(X14<=V19+3,+AD19,"X") | Y19: =IF(Y14<=V19+3,+AD19,"X") | Z19: =IF(Z14<=V19+3,+AD19,"X") | AA19: =IF(AA14<=V19+3,+AD19,"X") | AB19: =IF(AB14<=V19+3,+AD19,"X") | AC19: =IF(AC14<=V19+3,+AD19,"X") | AE19: 4*150mm2 Al | AG19: =IF(OR(W19=AD19,AND(AD19=0,W19="X")),"OK","niet OK") | AH19: =IF(OR(X19=AD19,AND(AD19=0,X19="X")),"OK","niet OK") | AI19: =IF(OR(Y19=AD19,AND(AD19=0,Y19="X")),"OK","niet OK") | AJ19: =IF(OR(Z19=AD19,AND(AD19=0,Z19="X")),"OK","niet OK") | AK19: =IF(OR(AA19=AD19,AND(AD19=0,AA19="X")),"OK","niet OK") | AL19: =IF(OR(AB19=AD19,AND(AD19=0,AB19="X")),"OK","niet OK") | AM19: =IF(OR(AC19=AD19,AND(AD19=0,AC19="X")),"OK","niet OK")
C20: Onbekend | F20: 6.4 | G20: 5.9 | H20: =F20*B20 | I20: =G20*B20 | J20: =F20*0.23*3*B20 | K20: =G20*0.23*3*B20 | O20: 4*120mm2 Al | P20: 0.281 | Q20: 0.081 | R20: =SQRT(P20^2+Q20^2) | S20: =+P20*AD20/1000 | T20: =+AD20*Q20/1000 | V20: 243 | W20: =IF(W14<=V20+3,+AD20,"X") | X20: =IF(X14<=V20+3,+AD20,"X") | Y20: =IF(Y14<=V20+3,+AD20,"X") | Z20: =IF(Z14<=V20+3,+AD20,"X") | AA20: =IF(AA14<=V20+3,+AD20,"X") | AB20: =IF(AB14<=V20+3,+AD20,"X") | AC20: =IF(AC14<=V20+3,+AD20,"X") | AE20: 4*120mm2 Al | AG20: =IF(OR(W20=AD20,AND(AD20=0,W20="X")),"OK","niet OK") | AH20: =IF(OR(X20=AD20,AND(AD20=0,X20="X")),"OK","niet OK") | AI20: =IF(OR(Y20=AD20,AND(AD20=0,Y20="X")),"OK","niet OK") | AJ20: =IF(OR(Z20=AD20,AND(AD20=0,Z20="X")),"OK","niet OK") | AK20: =IF(OR(AA20=AD20,AND(AD20=0,AA20="X")),"OK","niet OK") | AL20: =IF(OR(AB20=AD20,AND(AD20=0,AB20="X")),"OK","niet OK") | AM20: =IF(OR(AC20=AD20,AND(AD20=0,AC20="X")),"OK","niet OK")
O21: 4*95mm2 Al | P21: 0.32 | Q21: 0.082 | R21: =SQRT(P21^2+Q21^2) | S21: =+P21*AD21/1000 | T21: =+AD21*Q21/1000 | V21: 213 | W21: =IF(W14<=V21+3,+AD21,"X") | X21: =IF(X14<=V21+3,+AD21,"X") | Y21: =IF(Y14<=V21+3,+AD21,"X") | Z21: =IF(Z14<=V21+3,+AD21,"X") | AA21: =IF(AA14<=V21+3,+AD21,"X") | AB21: =IF(AB14<=V21+3,+AD21,"X") | AC21: =IF(AC14<=V21+3,+AD21,"X") | AE21: 4*95mm2 Al | AG21: =IF(OR(W21=AD21,AND(AD21=0,W21="X")),"OK","niet OK") | AH21: =IF(OR(X21=AD21,AND(AD21=0,X21="X")),"OK","niet OK") | AI21: =IF(OR(Y21=AD21,AND(AD21=0,Y21="X")),"OK","niet OK") | AJ21: =IF(OR(Z21=AD21,AND(AD21=0,Z21="X")),"OK","niet OK") | AK21: =IF(OR(AA21=AD21,AND(AD21=0,AA21="X")),"OK","niet OK") | AL21: =IF(OR(AB21=AD21,AND(AD21=0,AB21="X")),"OK","niet OK") | AM21: =IF(OR(AC21=AD21,AND(AD21=0,AC21="X")),"OK","niet OK")
C22: Type 4: Hoogbouw huishoudens met collectieve warmtepomp, stads- of gasverwarming | O22: 4*70mm2 Al | P22: 0.443 | Q22: =(Q21+Q23)/2 | R22: =SQRT(P22^2+Q22^2) | S22: =+P22*AD22/1000 | T22: =+AD22*Q22/1000 | V22: 177 | W22: =IF(W14<=V22+3,+AD22,"X") | X22: =IF(X14<=V22+3,+AD22,"X") | Y22: =IF(Y14<=V22+3,+AD22,"X") | Z22: =IF(Z14<=V22+3,+AD22,"X") | AA22: =IF(AA14<=V22+3,+AD22,"X") | AB22: =IF(AB14<=V22+3,+AD22,"X") | AC22: =IF(AC14<=V22+3,+AD22,"X") | AE22: 4*70mm2 Al | AG22: =IF(OR(W22=AD22,AND(AD22=0,W22="X")),"OK","niet OK") | AH22: =IF(OR(X22=AD22,AND(AD22=0,X22="X")),"OK","niet OK") | AI22: =IF(OR(Y22=AD22,AND(AD22=0,Y22="X")),"OK","niet OK") | AJ22: =IF(OR(Z22=AD22,AND(AD22=0,Z22="X")),"OK","niet OK") | AK22: =IF(OR(AA22=AD22,AND(AD22=0,AA22="X")),"OK","niet OK") | AL22: =IF(OR(AB22=AD22,AND(AD22=0,AB22="X")),"OK","niet OK") | AM22: =IF(OR(AC22=AD22,AND(AD22=0,AC22="X")),"OK","niet OK")
C23: Appartement incl. publiek laden | F23: 3.4 | H23: =F23*B23 | J23: =F23*0.23*3*B23 | O23: 4*50mm2 Al | P23: 0.641 | Q23: 0.085 | R23: =SQRT(P23^2+Q23^2) | S23: =+P23*AD23/1000 | T23: =+AD23*Q23/1000 | V23: 144 | W23: =IF(W14<=V23+3,+AD23,"X") | X23: =IF(X14<=V23+3,+AD23,"X") | Y23: =IF(Y14<=V23+3,+AD23,"X") | Z23: =IF(Z14<=V23+3,+AD23,"X") | AA23: =IF(AA14<=V23+3,+AD23,"X") | AB23: =IF(AB14<=V23+3,+AD23,"X") | AC23: =IF(AC14<=V23+3,+AD23,"X") | AE23: 4*50mm2 Al | AG23: =IF(OR(W23=AD23,AND(AD23=0,W23="X")),"OK","niet OK") | AH23: =IF(OR(X23=AD23,AND(AD23=0,X23="X")),"OK","niet OK") | AI23: =IF(OR(Y23=AD23,AND(AD23=0,Y23="X")),"OK","niet OK") | AJ23: =IF(OR(Z23=AD23,AND(AD23=0,Z23="X")),"OK","niet OK") | AK23: =IF(OR(AA23=AD23,AND(AD23=0,AA23="X")),"OK","niet OK") | AL23: =IF(OR(AB23=AD23,AND(AD23=0,AB23="X")),"OK","niet OK") | AM23: =IF(OR(AC23=AD23,AND(AD23=0,AC23="X")),"OK","niet OK")
C24: Collectieve warmtepomp - elektrisch vermogen | H24: =J24*1000/(3*230) | O24: 4*35mm2 Al | P24: 0.868 | Q24: 0.101 | R24: =SQRT(P24^2+Q24^2) | S24: =+P24*AD24/1000 | T24: =+AD24*Q24/1000 | V24: 120 | W24: =IF(W14<=V24+3,+AD24,"X") | X24: =IF(X14<=V24+3,+AD24,"X") | Y24: =IF(Y14<=V24+3,+AD24,"X") | Z24: =IF(Z14<=V24+3,+AD24,"X") | AA24: =IF(AA14<=V24+3,+AD24,"X") | AB24: =IF(AB14<=V24+3,+AD24,"X") | AC24: =IF(AC14<=V24+3,+AD24,"X") | AE24: 4*35mm2 Al | AG24: =IF(OR(W24=AD24,AND(AD24=0,W24="X")),"OK","niet OK") | AH24: =IF(OR(X24=AD24,AND(AD24=0,X24="X")),"OK","niet OK") | AI24: =IF(OR(Y24=AD24,AND(AD24=0,Y24="X")),"OK","niet OK") | AJ24: =IF(OR(Z24=AD24,AND(AD24=0,Z24="X")),"OK","niet OK") | AK24: =IF(OR(AA24=AD24,AND(AD24=0,AA24="X")),"OK","niet OK") | AL24: =IF(OR(AB24=AD24,AND(AD24=0,AB24="X")),"OK","niet OK") | AM24: =IF(OR(AC24=AD24,AND(AD24=0,AC24="X")),"OK","niet OK")
O25: 4*25mm2 Al | P25: 1.2 | Q25: 0.094 | R25: =SQRT(P25^2+Q25^2) | S25: =+P25*AD25/1000 | T25: =+AD25*Q25/1000 | V25: 100 | W25: =IF(W14<=V25+3,+AD25,"X") | X25: =IF(X14<=V25+3,+AD25,"X") | Y25: =IF(Y14<=V25+3,+AD25,"X") | Z25: =IF(Z14<=V25+3,+AD25,"X") | AA25: =IF(AA14<=V25+3,+AD25,"X") | AB25: =IF(AB14<=V25+3,+AD25,"X") | AC25: =IF(AC14<=V25+3,+AD25,"X") | AE25: 4*25mm2 Al | AG25: =IF(OR(W25=AD25,AND(AD25=0,W25="X")),"OK","niet OK") | AH25: =IF(OR(X25=AD25,AND(AD25=0,X25="X")),"OK","niet OK") | AI25: =IF(OR(Y25=AD25,AND(AD25=0,Y25="X")),"OK","niet OK") | AJ25: =IF(OR(Z25=AD25,AND(AD25=0,Z25="X")),"OK","niet OK") | AK25: =IF(OR(AA25=AD25,AND(AD25=0,AA25="X")),"OK","niet OK") | AL25: =IF(OR(AB25=AD25,AND(AD25=0,AB25="X")),"OK","niet OK") | AM25: =IF(OR(AC25=AD25,AND(AD25=0,AC25="X")),"OK","niet OK")
C26: Type 5: Hoogbouw huishoudens t/m bouwjaar 2021 met een individuele warmtepomp | O26: 4*16mm2 Al | P26: 1.91 | Q26: 0.096 | R26: =SQRT(P26^2+Q26^2) | S26: =+P26*AD26/1000 | T26: =+AD26*Q26/1000 | V26: 78 | W26: =IF(W14<=V26+3,+AD26,"X") | X26: =IF(X14<=V26+3,+AD26,"X") | Y26: =IF(Y14<=V26+3,+AD26,"X") | Z26: =IF(Z14<=V26+3,+AD26,"X") | AA26: =IF(AA14<=V26+3,+AD26,"X") | AB26: =IF(AB14<=V26+3,+AD26,"X") | AC26: =IF(AC14<=V26+3,+AD26,"X") | AE26: 4*16mm2 Al | AG26: =IF(OR(W26=AD26,AND(AD26=0,W26="X")),"OK","niet OK") | AH26: =IF(OR(X26=AD26,AND(AD26=0,X26="X")),"OK","niet OK") | AI26: =IF(OR(Y26=AD26,AND(AD26=0,Y26="X")),"OK","niet OK") | AJ26: =IF(OR(Z26=AD26,AND(AD26=0,Z26="X")),"OK","niet OK") | AK26: =IF(OR(AA26=AD26,AND(AD26=0,AA26="X")),"OK","niet OK") | AL26: =IF(OR(AB26=AD26,AND(AD26=0,AB26="X")),"OK","niet OK") | AM26: =IF(OR(AC26=AD26,AND(AD26=0,AC26="X")),"OK","niet OK")
C27: Appartement incl. publiek laden | F27: 5.4 | H27: =F27*B27 | J27: =F27*0.23*3*B27
O28: 4*185mm2 Cu | P28: 0.107 | Q28: 0.068 | R28: =SQRT(P28^2+Q28^2) | S28: =+P28*AD28/1000 | T28: =+AD28*Q28/1000 | V28: 393 | W28: =IF(W14<=V28+3,+AD28,"X") | X28: =IF(X14<=V28+3,+AD28,"X") | Y28: =IF(Y14<=V28+3,+AD28,"X") | Z28: =IF(Z14<=V28+3,+AD28,"X") | AA28: =IF(AA14<=V28+3,+AD28,"X") | AB28: =IF(AB14<=V28+3,+AD28,"X") | AC28: =IF(AC14<=V28+3,+AD28,"X") | AE28: 4*185mm2 Cu | AG28: =IF(OR(W28=AD28,AND(AD28=0,W28="X")),"OK","niet OK") | AH28: =IF(OR(X28=AD28,AND(AD28=0,X28="X")),"OK","niet OK") | AI28: =IF(OR(Y28=AD28,AND(AD28=0,Y28="X")),"OK","niet OK") | AJ28: =IF(OR(Z28=AD28,AND(AD28=0,Z28="X")),"OK","niet OK") | AK28: =IF(OR(AA28=AD28,AND(AD28=0,AA28="X")),"OK","niet OK") | AL28: =IF(OR(AB28=AD28,AND(AD28=0,AB28="X")),"OK","niet OK") | AM28: =IF(OR(AC28=AD28,AND(AD28=0,AC28="X")),"OK","niet OK")
C29: Type 6: Nieuwbouw hoogbouw huishoudens vanaf bouwjaar 2022 met een individuele warmtepomp | O29: 4*150mm2 Cu | P29: 0.125 | Q29: 0.068 | R29: =SQRT(P29^2+Q29^2) | S29: =+P29*AD29/1000 | T29: =+AD29*Q29/1000 | V29: 348 | W29: =IF(W14<=V29+3,+AD29,"X") | X29: =IF(X14<=V29+3,+AD29,"X") | Y29: =IF(Y14<=V29+3,+AD29,"X") | Z29: =IF(Z14<=V29+3,+AD29,"X") | AA29: =IF(AA14<=V29+3,+AD29,"X") | AB29: =IF(AB14<=V29+3,+AD29,"X") | AC29: =IF(AC14<=V29+3,+AD29,"X") | AE29: 4*150mm2 Cu | AG29: =IF(OR(W29=AD29,AND(AD29=0,W29="X")),"OK","niet OK") | AH29: =IF(OR(X29=AD29,AND(AD29=0,X29="X")),"OK","niet OK") | AI29: =IF(OR(Y29=AD29,AND(AD29=0,Y29="X")),"OK","niet OK") | AJ29: =IF(OR(Z29=AD29,AND(AD29=0,Z29="X")),"OK","niet OK") | AK29: =IF(OR(AA29=AD29,AND(AD29=0,AA29="X")),"OK","niet OK") | AL29: =IF(OR(AB29=AD29,AND(AD29=0,AB29="X")),"OK","niet OK") | AM29: =IF(OR(AC29=AD29,AND(AD29=0,AC29="X")),"OK","niet OK")
C30: Appartement incl. publiek laden | F30: 5.1 | H30: =F30*B30 | J30: =F30*0.23*3*B30 | O30: 4*120mm2 Cu | P30: 0.152 | Q30: 0.069 | R30: 0.16692813 | S30: =+P30*AD30/1000 | T30: =+AD30*Q30/1000 | V30: 307 | W30: =IF(W14<=V30+3,+AD30,"X") | X30: =IF(X14<=V30+3,+AD30,"X") | Y30: =IF(Y14<=V30+3,+AD30,"X") | Z30: =IF(Z14<=V30+3,+AD30,"X") | AA30: =IF(AA14<=V30+3,+AD30,"X") | AB30: =IF(AB14<=V30+3,+AD30,"X") | AC30: =IF(AC14<=V30+3,+AD30,"X") | AE30: 4*120mm2 Cu | AG30: =IF(OR(W30=AD30,AND(AD30=0,W30="X")),"OK","niet OK") | AH30: =IF(OR(X30=AD30,AND(AD30=0,X30="X")),"OK","niet OK") | AI30: =IF(OR(Y30=AD30,AND(AD30=0,Y30="X")),"OK","niet OK") | AJ30: =IF(OR(Z30=AD30,AND(AD30=0,Z30="X")),"OK","niet OK") | AK30: =IF(OR(AA30=AD30,AND(AD30=0,AA30="X")),"OK","niet OK") | AL30: =IF(OR(AB30=AD30,AND(AD30=0,AB30="X")),"OK","niet OK") | AM30: =IF(OR(AC30=AD30,AND(AD30=0,AC30="X")),"OK","niet OK")
O31: 4*95mm2 Cu | P31: 0.194 | Q31: 0.069 | R31: =SQRT(P31^2+Q31^2) | S31: =+P31*AD31/1000 | T31: =+AD31*Q31/1000 | V31: 272 | W31: =IF(W14<=V31+3,+AD31,"X") | X31: =IF(X14<=V31+3,+AD31,"X") | Y31: =IF(Y14<=V31+3,+AD31,"X") | Z31: =IF(Z14<=V31+3,+AD31,"X") | AA31: =IF(AA14<=V31+3,+AD31,"X") | AB31: =IF(AB14<=V31+3,+AD31,"X") | AC31: =IF(AC14<=V31+3,+AD31,"X") | AE31: 4*95mm2 Cu | AG31: =IF(OR(W31=AD31,AND(AD31=0,W31="X")),"OK","niet OK") | AH31: =IF(OR(X31=AD31,AND(AD31=0,X31="X")),"OK","niet OK") | AI31: =IF(OR(Y31=AD31,AND(AD31=0,Y31="X")),"OK","niet OK") | AJ31: =IF(OR(Z31=AD31,AND(AD31=0,Z31="X")),"OK","niet OK") | AK31: =IF(OR(AA31=AD31,AND(AD31=0,AA31="X")),"OK","niet OK") | AL31: =IF(OR(AB31=AD31,AND(AD31=0,AB31="X")),"OK","niet OK") | AM31: =IF(OR(AC31=AD31,AND(AD31=0,AC31="X")),"OK","niet OK")
C32: Type 7: Laag- of hoogbouw met alternatieve verwarmingscomponenten (toeslag) | O32: 4*70mm2 Cu | P32: 0.268 | Q32: 0.072 | R32: =SQRT(P32^2+Q32^2) | S32: =+P32*AD32/1000 | T32: =+AD32*Q32/1000 | V32: 227 | W32: =IF(W14<=V32+3,+AD32,"X") | X32: =IF(X14<=V32+3,+AD32,"X") | Y32: =IF(Y14<=V32+3,+AD32,"X") | Z32: =IF(Z14<=V32+3,+AD32,"X") | AA32: =IF(AA14<=V32+3,+AD32,"X") | AB32: =IF(AB14<=V32+3,+AD32,"X") | AC32: =IF(AC14<=V32+3,+AD32,"X") | AE32: 4*70mm2 Cu | AG32: =IF(OR(W32=AD32,AND(AD32=0,W32="X")),"OK","niet OK") | AH32: =IF(OR(X32=AD32,AND(AD32=0,X32="X")),"OK","niet OK") | AI32: =IF(OR(Y32=AD32,AND(AD32=0,Y32="X")),"OK","niet OK") | AJ32: =IF(OR(Z32=AD32,AND(AD32=0,Z32="X")),"OK","niet OK") | AK32: =IF(OR(AA32=AD32,AND(AD32=0,AA32="X")),"OK","niet OK") | AL32: =IF(OR(AB32=AD32,AND(AD32=0,AB32="X")),"OK","niet OK") | AM32: =IF(OR(AC32=AD32,AND(AD32=0,AC32="X")),"OK","niet OK")
C33: Aantal * elektrisch vermogen verwarmingscomponent * gelijktijdigheidsfactor tabel type 7 | H33: =J33*1000/(3*230) | O33: 4*50mm2 Cu | P33: 0.387 | Q33: 0.085 | R33: =SQRT(P33^2+Q33^2) | S33: =+P33*AD33/1000 | T33: =+AD33*Q33/1000 | V33: 182 | W33: =IF(W14<=V33+3,+AD33,"X") | X33: =IF(X14<=V33+3,+AD33,"X") | Y33: =IF(Y14<=V33+3,+AD33,"X") | Z33: =IF(Z14<=V33+3,+AD33,"X") | AA33: =IF(AA14<=V33+3,+AD33,"X") | AB33: =IF(AB14<=V33+3,+AD33,"X") | AC33: =IF(AC14<=V33+3,+AD33,"X") | AE33: 4*50mm2 Cu | AG33: =IF(OR(W33=AD33,AND(AD33=0,W33="X")),"OK","niet OK") | AH33: =IF(OR(X33=AD33,AND(AD33=0,X33="X")),"OK","niet OK") | AI33: =IF(OR(Y33=AD33,AND(AD33=0,Y33="X")),"OK","niet OK") | AJ33: =IF(OR(Z33=AD33,AND(AD33=0,Z33="X")),"OK","niet OK") | AK33: =IF(OR(AA33=AD33,AND(AD33=0,AA33="X")),"OK","niet OK") | AL33: =IF(OR(AB33=AD33,AND(AD33=0,AB33="X")),"OK","niet OK") | AM33: =IF(OR(AC33=AD33,AND(AD33=0,AC33="X")),"OK","niet OK")
O34: 4*35mm2 Cu | P34: 0.524 | Q34: 0.1 | R34: =SQRT(P34^2+Q34^2) | S34: =+P34*AD34/1000 | T34: =+AD34*Q34/1000 | V34: 154 | W34: =IF(W14<=V34+3,+AD34,"X") | X34: =IF(X14<=V34+3,+AD34,"X") | Y34: =IF(Y14<=V34+3,+AD34,"X") | Z34: =IF(Z14<=V34+3,+AD34,"X") | AA34: =IF(AA14<=V34+3,+AD34,"X") | AB34: =IF(AB14<=V34+3,+AD34,"X") | AC34: =IF(AC14<=V34+3,+AD34,"X") | AE34: 4*35mm2 Cu | AG34: =IF(OR(W34=AD34,AND(AD34=0,W34="X")),"OK","niet OK") | AH34: =IF(OR(X34=AD34,AND(AD34=0,X34="X")),"OK","niet OK") | AI34: =IF(OR(Y34=AD34,AND(AD34=0,Y34="X")),"OK","niet OK") | AJ34: =IF(OR(Z34=AD34,AND(AD34=0,Z34="X")),"OK","niet OK") | AK34: =IF(OR(AA34=AD34,AND(AD34=0,AA34="X")),"OK","niet OK") | AL34: =IF(OR(AB34=AD34,AND(AD34=0,AB34="X")),"OK","niet OK") | AM34: =IF(OR(AC34=AD34,AND(AD34=0,AC34="X")),"OK","niet OK")
C35: Type 8: Kleinzakelijk (niet-huishoudelijk t/m 3x80A) | O35: 4*25mm2 Cu | P35: 0.727 | Q35: 0.094 | R35: =SQRT(P35^2+Q35^2) | S35: =+P35*AD35/1000 | T35: =+AD35*Q35/1000 | V35: 128 | W35: =IF(W14<=V35+3,+AD35,"X") | X35: =IF(X14<=V35+3,+AD35,"X") | Y35: =IF(Y14<=V35+3,+AD35,"X") | Z35: =IF(Z14<=V35+3,+AD35,"X") | AA35: =IF(AA14<=V35+3,+AD35,"X") | AB35: =IF(AB14<=V35+3,+AD35,"X") | AC35: =IF(AC14<=V35+3,+AD35,"X") | AE35: 4*25mm2 Cu | AG35: =IF(OR(W35=AD35,AND(AD35=0,W35="X")),"OK","niet OK") | AH35: =IF(OR(X35=AD35,AND(AD35=0,X35="X")),"OK","niet OK") | AI35: =IF(OR(Y35=AD35,AND(AD35=0,Y35="X")),"OK","niet OK") | AJ35: =IF(OR(Z35=AD35,AND(AD35=0,Z35="X")),"OK","niet OK") | AK35: =IF(OR(AA35=AD35,AND(AD35=0,AA35="X")),"OK","niet OK") | AL35: =IF(OR(AB35=AD35,AND(AD35=0,AB35="X")),"OK","niet OK") | AM35: =IF(OR(AC35=AD35,AND(AD35=0,AC35="X")),"OK","niet OK")
C36: Huidige aansluitwaarde: < 3x35A | D36: G4, G6, geen of ander gas | F36: 8.7 | G36: 8.7 | H36: =F36*B36 | I36: =G36*B36 | J36: =F36*0.23*3*B36 | K36: =G36*0.23*3*B36 | O36: 4*16mm2 Cu | P36: 1.15 | Q36: 0.097 | R36: =SQRT(P36^2+Q36^2) | S36: =+P36*AD36/1000 | T36: =+AD36*Q36/1000 | V36: 99 | W36: =IF(W14<=V36+3,+AD36,"X") | X36: =IF(X14<=V36+3,+AD36,"X") | Y36: =IF(Y14<=V36+3,+AD36,"X") | Z36: =IF(Z14<=V36+3,+AD36,"X") | AA36: =IF(AA14<=V36+3,+AD36,"X") | AB36: =IF(AB14<=V36+3,+AD36,"X") | AC36: =IF(AC14<=V36+3,+AD36,"X") | AE36: 4*16mm2 Cu | AG36: =IF(OR(W36=AD36,AND(AD36=0,W36="X")),"OK","niet OK") | AH36: =IF(OR(X36=AD36,AND(AD36=0,X36="X")),"OK","niet OK") | AI36: =IF(OR(Y36=AD36,AND(AD36=0,Y36="X")),"OK","niet OK") | AJ36: =IF(OR(Z36=AD36,AND(AD36=0,Z36="X")),"OK","niet OK") | AK36: =IF(OR(AA36=AD36,AND(AD36=0,AA36="X")),"OK","niet OK") | AL36: =IF(OR(AB36=AD36,AND(AD36=0,AB36="X")),"OK","niet OK") | AM36: =IF(OR(AC36=AD36,AND(AD36=0,AC36="X")),"OK","niet OK")
C37: Huidige aansluitwaarde: < 3x35A | D37: G10 t/m G25 | F37: 44 | G37: 44 | H37: =F37*B37 | I37: =G37*B37 | J37: =F37*0.23*3*B37 | K37: =G37*0.23*3*B37
C38: Huidige aansluitwaarde: < 3x35A | D38: > G25 | F38: 65 | G38: 65 | H38: =F38*B38 | I38: =G38*B38 | J38: =F38*0.23*3*B38 | K38: =G38*0.23*3*B38 | O38: totale samengestelde impedantie | S38: =SUM(S18:S37) | T38: =SUM(T18:T37) | U38: =SQRT(S38^2+T38^2) | W38: =IF(U38<=W16,"OK","niet OK") | X38: =IF(U38<=X16,"OK","niet OK") | Y38: =IF(U38<=Y16,"OK","niet OK") | Z38: =IF(U38<=Z16,"OK","niet OK") | AA38: =IF(U38<=AA16,"OK","niet OK") | AB38: =IF(U38<=AB16,"OK","niet OK") | AC38: =IF(U38<=AC16,"OK","niet OK") | AD38: t.a.v. totale impedantie passieve trafo en gG
C39: Huidige aansluitwaarde: 3x35A t/m 3x40A | D39: G4, G6, geen of ander gas | F39: 32 | G39: 32 | H39: =F39*B39 | I39: =G39*B39 | J39: =F39*0.23*3*B39 | K39: =G39*0.23*3*B39 | W39: =IF(U38<=W17,"OK","niet OK") | X39: =IF(U38<=X17,"OK","niet OK") | Y39: =IF(U38<=Y17,"OK","niet OK") | Z39: =IF(U38<=Z17,"OK","niet OK") | AA39: =IF(U38<=AA17,"OK","niet OK") | AB39: =IF(U38<=AB17,"OK","niet OK") | AC39: =IF(U38<=AC17,"OK","niet OK") | AD39: t.a.v. totale impedantie regeltrafo en gFF
C40: Huidige aansluitwaarde: 3x35A t/m 3x40A | D40: G10 t/m G25 | F40: 65 | G40: 65 | H40: =F40*B40 | I40: =G40*B40 | J40: =F40*0.23*3*B40 | K40: =G40*0.23*3*B40 | W40: =IF(AND(AG18="OK",AG19="OK",AG20="OK",AG21="OK",AG22="OK",AG23="OK",AG24="OK",AG25="OK",AG26="OK",AG28="OK",AG29="OK",AG31="OK",AG32="OK",AG33="OK",AG34="OK",AG35="OK",AG36="OK"),"OK","niet OK") | X40: =IF(AND(AH18="OK",AH19="OK",AH20="OK",AH21="OK",AH22="OK",AH23="OK",AH24="OK",AH25="OK",AH26="OK",AH28="OK",AH29="OK",AH31="OK",AH32="OK",AH33="OK",AH34="OK",AH35="OK",AH36="OK"),"OK","niet OK") | Y40: =IF(AND(AI18="OK",AI19="OK",AI20="OK",AI21="OK",AI22="OK",AI23="OK",AI24="OK",AI25="OK",AI26="OK",AI28="OK",AI29="OK",AI31="OK",AI32="OK",AI33="OK",AI34="OK",AI35="OK",AI36="OK"),"OK","niet OK") | Z40: =IF(AND(AJ18="OK",AJ19="OK",AJ20="OK",AJ21="OK",AJ22="OK",AJ23="OK",AJ24="OK",AJ25="OK",AJ26="OK",AJ28="OK",AJ29="OK",AJ31="OK",AJ32="OK",AJ33="OK",AJ34="OK",AJ35="OK",AJ36="OK"),"OK","niet OK") | AA40: =IF(AND(AK18="OK",AK19="OK",AK20="OK",AK21="OK",AK22="OK",AK23="OK",AK24="OK",AK25="OK",AK26="OK",AK28="OK",AK29="OK",AK31="OK",AK32="OK",AK33="OK",AK34="OK",AK35="OK",AK36="OK"),"OK","niet OK") | AB40: =IF(AND(AL18="OK",AL19="OK",AL20="OK",AL21="OK",AL22="OK",AL23="OK",AL24="OK",AL25="OK",AL26="OK",AL28="OK",AL29="OK",AL31="OK",AL32="OK",AL33="OK",AL34="OK",AL35="OK",AL36="OK"),"OK","niet OK") | AC40: =IF(AND(AM18="OK",AM19="OK",AM20="OK",AM21="OK",AM22="OK",AM23="OK",AM24="OK",AM25="OK",AM26="OK",AM28="OK",AM29="OK",AM31="OK",AM32="OK",AM33="OK",AM34="OK",AM35="OK",AM36="OK"),"OK","niet OK") | AD40: t.a.v. ontwerpstroom
C41: Huidige aansluitwaarde: 3x35A t/m 3x40A | D41: > G25 | F41: 65 | G41: 65 | H41: =F41*B41 | I41: =G41*B41 | J41: =F41*0.23*3*B41 | K41: =G41*0.23*3*B41 | W41: =IF(AND(W38="OK",W40="OK"),"JA","NEE") | X41: =IF(AND(X38="OK",X40="OK"),"JA","NEE") | Y41: =IF(AND(Y38="OK",Y40="OK"),"JA","NEE") | Z41: =IF(AND(Z38="OK",Z40="OK"),"JA","NEE") | AA41: =IF(AND(AA38="OK",AA40="OK"),"JA","NEE") | AB41: =IF(AND(AB38="OK",AB40="OK"),"JA","NEE") | AC41: =IF(AND(AC38="OK",AC40="OK"),"JA","NEE") | AD41: voldoet aan beide / toegestaan met passieve transformator en gG zekeringen?
C42: Huidige aansluitwaarde: 3x50A | D42: G4, G6, geen of ander gas | F42: 44 | G42: 44 | H42: =F42*B42 | I42: =G42*B42 | J42: =F42*0.23*3*B42 | K42: =G42*0.23*3*B42 | W42: =IF(AND(W39="OK",W40="OK"),"JA","NEE") | X42: =IF(AND(X39="OK",X40="OK"),"JA","NEE") | Y42: =IF(AND(Y39="OK",Y40="OK"),"JA","NEE") | Z42: =IF(AND(Z39="OK",Z40="OK"),"JA","NEE") | AA42: =IF(AND(AA39="OK",AA40="OK"),"JA","NEE") | AB42: =IF(AND(AB39="OK",AB40="OK"),"JA","NEE") | AC42: =IF(AND(AC39="OK",AC40="OK"),"JA","NEE") | AD42: voldoet aan beide / toegestaan met regeltransformator en gFF zekeringen?
C43: Huidige aansluitwaarde: 3x50A | D43: G10 t/m G25 | F43: 65 | G43: 65 | H43: =F43*B43 | I43: =G43*B43 | J43: =F43*0.23*3*B43 | K43: =G43*0.23*3*B43
C44: Huidige aansluitwaarde: 3x50A | D44: > G25 | F44: 65 | G44: 65 | H44: =F44*B44 | I44: =G44*B44 | J44: =F44*0.23*3*B44 | K44: =G44*0.23*3*B44
C45: Huidige aansluitwaarde: 3x63A | D45: G4, G6, geen of ander gas | F45: 51 | G45: 51 | H45: =F45*B45 | I45: =G45*B45 | J45: =F45*0.23*3*B45 | K45: =G45*0.23*3*B45
C46: Huidige aansluitwaarde: 3x63A | D46: G10 t/m G25 | F46: 65 | G46: 65 | H46: =F46*B46 | I46: =G46*B46 | J46: =F46*0.23*3*B46 | K46: =G46*0.23*3*B46 | O46: Belasting geconcentreerd op de laatste helft van de kabel (75%), gebaseerd op tabellen 7 en 9 uit kader Eea-0205.K
C47: Huidige aansluitwaarde: 3x63A | D47: > G25 | F47: 65 | G47: 65 | H47: =F47*B47 | I47: =G47*B47 | J47: =F47*0.23*3*B47 | K47: =G47*0.23*3*B47 | O47: Er moet wel sprake zijn van zogenaamde kabelverjonging, d.w.z. de zwaardere kabels aan het begin van de kabelgroep en de dunnere kabels op het eind van de kabelgroep.
C48: Huidige aansluitwaarde: 3x80A | D48: G4, G6, geen of ander gas | F48: 65 | G48: 65 | H48: =F48*B48 | I48: =G48*B48 | J48: =F48*0.23*3*B48 | K48: =G48*0.23*3*B48
C49: Huidige aansluitwaarde: 3x80A | D49: G10 t/m G25 | F49: 65 | G49: 65 | H49: =F49*B49 | I49: =G49*B49 | J49: =F49*0.23*3*B49 | K49: =G49*0.23*3*B49
C50: Huidige aansluitwaarde: 3x80A | D50: > G25 | F50: 65 | G50: 65 | H50: =F50*B50 | I50: =G50*B50 | J50: =F50*0.23*3*B50 | K50: =G50*0.23*3*B50
C52: Type 9: Grootverbruik LS (eigen richting >3x80A)
C53: Huidige aansluitwaarde: 3x100A | D53: G4, G6, geen of ander gas | F53: 85 | G53: 85 | H53: =F53*B53 | I53: =G53*B53 | J53: =F53*0.23*3*B53 | K53: =G53*0.23*3*B53
D54: G10 t/m G25 | F54: 210 | G54: 210 | H54: =F54*B54 | I54: =G54*B54 | J54: =F54*0.23*3*B54 | K54: =G54*0.23*3*B54
D55: > G25 | F55: 210 | G55: 210 | H55: =F55*B55 | I55: =G55*B55 | J55: =F55*0.23*3*B55 | K55: =G55*0.23*3*B55
C56: Huidige aansluitwaarde: 3x125A | D56: G4, G6, geen of ander gas | F56: 106 | G56: 106 | H56: =F56*B56 | I56: =G56*B56 | J56: =F56*0.23*3*B56 | K56: =G56*0.23*3*B56 | O56: ontwerpstroom | W56: t/m 57A | X56: t/m 72A | Y56: t/m 90A | Z56: t/m 113A | AA56: t/m 144A | AB56: t/m 180A | AC56: t/m 225A
D57: G10 t/m G25 | F57: 210 | G57: 210 | H57: =F57*B57 | I57: =G57*B57 | J57: =F57*0.23*3*B57 | K57: =G57*0.23*3*B57 | O57: smeltveiligheid Inom | W57: 63A | X57: 80A | Y57: 100A | Z57: 125A | AA57: 160A | AB57: 200A | AC57: 250A | AD57: invoer
D58: > G25 | F58: 210 | G58: 210 | H58: =F58*B58 | I58: =G58*B58 | J58: =F58*0.23*3*B58 | K58: =G58*0.23*3*B58 | P58: waarden per 1000m | S58: waarden o.b.v. kabellengte | W58: 63 | X58: 80 | Y58: 100 | Z58: 125 | AA58: 160 | AB58: 200 | AC58: 250 | AD58: kabellengtes
C59: Huidige aansluitwaarde: 3x160A | D59: G4, G6, geen of ander gas | F59: 138 | G59: 138 | H59: =F59*B59 | I59: =G59*B59 | J59: =F59*0.23*3*B59 | K59: =G59*0.23*3*B59 | P59: ohm | Q59: ohm | R59: ohm | S59: ohm | T59: ohm | U59: ohm | V59: A | W59: ohm | X59: ohm | Y59: ohm | Z59: ohm | AA59: ohm | AB59: ohm | AC59: ohm | AD59: per doorsnede
D60: G10 t/m G25 | F60: 210 | G60: 210 | H60: =F60*B60 | I60: =G60*B60 | J60: =F60*0.23*3*B60 | K60: =G60*0.23*3*B60 | W60: 0.215 | X60: 0.17 | Y60: 0.136 | Z60: 0.109 | AA60: 0.085 | AB60: 0.068 | AC60: 0.055
D61: > G25 | F61: 210 | G61: 210 | H61: =F61*B61 | I61: =G61*B61 | J61: =F61*0.23*3*B61 | K61: =G61*0.23*3*B61 | O61: Name | P61: R | Q61: X | R61: Z (berekend) | S61: R | T61: X | U61: Z (berekend) | W61: 0.25 | X61: 0.25 | Y61: 0.25 | Z61: 0.25 | AA61: 0.213 | AB61: 0.17 | AC61: 0.136 | AD61: in meters | AI61: hulptabel
C62: Huidige aansluitwaarde: 3x200A | D62: G4, G6, geen of ander gas | F62: 210 | G62: 210 | H62: =F62*B62 | I62: =G62*B62 | J62: =F62*0.23*3*B62 | K62: =G62*0.23*3*B62 | O62: 4*240mm2 Al | P62: 0.129 | Q62: 0.073 | R62: =SQRT(P62^2+Q62^2) | S62: =+P62*AD62/1000 | T62: =+AD62*Q62/1000 | V62: 359 | W62: =IF(W58<=V62+3,+AD62,"X") | X62: =IF(X58<=V62+3,+AD62,"X") | Y62: =IF(Y58<=V62+3,+AD62,"X") | Z62: =IF(Z58<=V62+3,+AD62,"X") | AA62: =IF(AA58<=V62+3,+AD62,"X") | AB62: =IF(AB58<=V62+3,+AD62,"X") | AC62: =IF(AC58<=V62+3,+AD62,"X") | AE62: 4*240mm2 Al | AG62: =IF(OR(W62=AD62,AND(AD62=0,W62="X")),"OK","niet OK") | AH62: =IF(OR(X62=AD62,AND(AD62=0,X62="X")),"OK","niet OK") | AI62: =IF(OR(Y62=AD62,AND(AD62=0,Y62="X")),"OK","niet OK") | AJ62: =IF(OR(Z62=AD62,AND(AD62=0,Z62="X")),"OK","niet OK") | AK62: =IF(OR(AA62=AD62,AND(AD62=0,AA62="X")),"OK","niet OK") | AL62: =IF(OR(AB62=AD62,AND(AD62=0,AB62="X")),"OK","niet OK") | AM62: =IF(OR(AC62=AD62,AND(AD62=0,AC62="X")),"OK","niet OK")
D63: G10 t/m G25 | F63: 210 | G63: 210 | H63: =F63*B63 | I63: =G63*B63 | J63: =F63*0.23*3*B63 | K63: =G63*0.23*3*B63 | O63: 4*150mm2 Al | P63: 0.206 | Q63: 0.079 | R63: =SQRT(P63^2+Q63^2) | S63: =+P63*AD63/1000 | T63: =+AD63*Q63/1000 | V63: 272 | W63: =IF(W58<=V63+3,+AD63,"X") | X63: =IF(X58<=V63+3,+AD63,"X") | Y63: =IF(Y58<=V63+3,+AD63,"X") | Z63: =IF(Z58<=V63+3,+AD63,"X") | AA63: =IF(AA58<=V63+3,+AD63,"X") | AB63: =IF(AB58<=V63+3,+AD63,"X") | AC63: =IF(AC58<=V63+3,+AD63,"X") | AE63: 4*150mm2 Al | AG63: =IF(OR(W63=AD63,AND(AD63=0,W63="X")),"OK","niet OK") | AH63: =IF(OR(X63=AD63,AND(AD63=0,X63="X")),"OK","niet OK") | AI63: =IF(OR(Y63=AD63,AND(AD63=0,Y63="X")),"OK","niet OK") | AJ63: =IF(OR(Z63=AD63,AND(AD63=0,Z63="X")),"OK","niet OK") | AK63: =IF(OR(AA63=AD63,AND(AD63=0,AA63="X")),"OK","niet OK") | AL63: =IF(OR(AB63=AD63,AND(AD63=0,AB63="X")),"OK","niet OK") | AM63: =IF(OR(AC63=AD63,AND(AD63=0,AC63="X")),"OK","niet OK")
D64: > G25 | F64: 210 | G64: 210 | H64: =F64*B64 | I64: =G64*B64 | J64: =F64*0.23*3*B64 | K64: =G64*0.23*3*B64 | O64: 4*120mm2 Al | P64: 0.281 | Q64: 0.081 | R64: =SQRT(P64^2+Q64^2) | S64: =+P64*AD64/1000 | T64: =+AD64*Q64/1000 | V64: 243 | W64: =IF(W58<=V64+3,+AD64,"X") | X64: =IF(X58<=V64+3,+AD64,"X") | Y64: =IF(Y58<=V64+3,+AD64,"X") | Z64: =IF(Z58<=V64+3,+AD64,"X") | AA64: =IF(AA58<=V64+3,+AD64,"X") | AB64: =IF(AB58<=V64+3,+AD64,"X") | AC64: =IF(AC58<=V64+3,+AD64,"X") | AE64: 4*120mm2 Al | AG64: =IF(OR(W64=AD64,AND(AD64=0,W64="X")),"OK","niet OK") | AH64: =IF(OR(X64=AD64,AND(AD64=0,X64="X")),"OK","niet OK") | AI64: =IF(OR(Y64=AD64,AND(AD64=0,Y64="X")),"OK","niet OK") | AJ64: =IF(OR(Z64=AD64,AND(AD64=0,Z64="X")),"OK","niet OK") | AK64: =IF(OR(AA64=AD64,AND(AD64=0,AA64="X")),"OK","niet OK") | AL64: =IF(OR(AB64=AD64,AND(AD64=0,AB64="X")),"OK","niet OK") | AM64: =IF(OR(AC64=AD64,AND(AD64=0,AC64="X")),"OK","niet OK")
C65: Huidige aansluitwaarde: 3x250A | D65: G4, G6, geen of ander gas | F65: 210 | G65: 210 | H65: =F65*B65 | I65: =G65*B65 | J65: =F65*0.23*3*B65 | K65: =G65*0.23*3*B65 | O65: 4*95mm2 Al | P65: 0.32 | Q65: 0.082 | R65: =SQRT(P65^2+Q65^2) | S65: =+P65*AD65/1000 | T65: =+AD65*Q65/1000 | V65: 213 | W65: =IF(W58<=V65+3,+AD65,"X") | X65: =IF(X58<=V65+3,+AD65,"X") | Y65: =IF(Y58<=V65+3,+AD65,"X") | Z65: =IF(Z58<=V65+3,+AD65,"X") | AA65: =IF(AA58<=V65+3,+AD65,"X") | AB65: =IF(AB58<=V65+3,+AD65,"X") | AC65: =IF(AC58<=V65+3,+AD65,"X") | AE65: 4*95mm2 Al | AG65: =IF(OR(W65=AD65,AND(AD65=0,W65="X")),"OK","niet OK") | AH65: =IF(OR(X65=AD65,AND(AD65=0,X65="X")),"OK","niet OK") | AI65: =IF(OR(Y65=AD65,AND(AD65=0,Y65="X")),"OK","niet OK") | AJ65: =IF(OR(Z65=AD65,AND(AD65=0,Z65="X")),"OK","niet OK") | AK65: =IF(OR(AA65=AD65,AND(AD65=0,AA65="X")),"OK","niet OK") | AL65: =IF(OR(AB65=AD65,AND(AD65=0,AB65="X")),"OK","niet OK") | AM65: =IF(OR(AC65=AD65,AND(AD65=0,AC65="X")),"OK","niet OK")
D66: G10 t/m G25 | F66: 210 | G66: 210 | H66: =F66*B66 | I66: =G66*B66 | J66: =F66*0.23*3*B66 | K66: =G66*0.23*3*B66 | O66: 4*70mm2 Al | P66: 0.443 | Q66: =(Q65+Q67)/2 | R66: =SQRT(P66^2+Q66^2) | S66: =+P66*AD66/1000 | T66: =+AD66*Q66/1000 | V66: 177 | W66: =IF(W58<=V66+3,+AD66,"X") | X66: =IF(X58<=V66+3,+AD66,"X") | Y66: =IF(Y58<=V66+3,+AD66,"X") | Z66: =IF(Z58<=V66+3,+AD66,"X") | AA66: =IF(AA58<=V66+3,+AD66,"X") | AB66: =IF(AB58<=V66+3,+AD66,"X") | AC66: =IF(AC58<=V66+3,+AD66,"X") | AE66: 4*70mm2 Al | AG66: =IF(OR(W66=AD66,AND(AD66=0,W66="X")),"OK","niet OK") | AH66: =IF(OR(X66=AD66,AND(AD66=0,X66="X")),"OK","niet OK") | AI66: =IF(OR(Y66=AD66,AND(AD66=0,Y66="X")),"OK","niet OK") | AJ66: =IF(OR(Z66=AD66,AND(AD66=0,Z66="X")),"OK","niet OK") | AK66: =IF(OR(AA66=AD66,AND(AD66=0,AA66="X")),"OK","niet OK") | AL66: =IF(OR(AB66=AD66,AND(AD66=0,AB66="X")),"OK","niet OK") | AM66: =IF(OR(AC66=AD66,AND(AD66=0,AC66="X")),"OK","niet OK")
D67: > G25 | F67: 210 | G67: 210 | H67: =F67*B67 | I67: =G67*B67 | J67: =F67*0.23*3*B67 | K67: =G67*0.23*3*B67 | O67: 4*50mm2 Al | P67: 0.641 | Q67: 0.085 | R67: =SQRT(P67^2+Q67^2) | S67: =+P67*AD67/1000 | T67: =+AD67*Q67/1000 | V67: 144 | W67: =IF(W58<=V67+3,+AD67,"X") | X67: =IF(X58<=V67+3,+AD67,"X") | Y67: =IF(Y58<=V67+3,+AD67,"X") | Z67: =IF(Z58<=V67+3,+AD67,"X") | AA67: =IF(AA58<=V67+3,+AD67,"X") | AB67: =IF(AB58<=V67+3,+AD67,"X") | AC67: =IF(AC58<=V67+3,+AD67,"X") | AE67: 4*50mm2 Al | AG67: =IF(OR(W67=AD67,AND(AD67=0,W67="X")),"OK","niet OK") | AH67: =IF(OR(X67=AD67,AND(AD67=0,X67="X")),"OK","niet OK") | AI67: =IF(OR(Y67=AD67,AND(AD67=0,Y67="X")),"OK","niet OK") | AJ67: =IF(OR(Z67=AD67,AND(AD67=0,Z67="X")),"OK","niet OK") | AK67: =IF(OR(AA67=AD67,AND(AD67=0,AA67="X")),"OK","niet OK") | AL67: =IF(OR(AB67=AD67,AND(AD67=0,AB67="X")),"OK","niet OK") | AM67: =IF(OR(AC67=AD67,AND(AD67=0,AC67="X")),"OK","niet OK")
O68: 4*35mm2 Al | P68: 0.868 | Q68: 0.101 | R68: =SQRT(P68^2+Q68^2) | S68: =+P68*AD68/1000 | T68: =+AD68*Q68/1000 | V68: 120 | W68: =IF(W58<=V68+3,+AD68,"X") | X68: =IF(X58<=V68+3,+AD68,"X") | Y68: =IF(Y58<=V68+3,+AD68,"X") | Z68: =IF(Z58<=V68+3,+AD68,"X") | AA68: =IF(AA58<=V68+3,+AD68,"X") | AB68: =IF(AB58<=V68+3,+AD68,"X") | AC68: =IF(AC58<=V68+3,+AD68,"X") | AE68: 4*35mm2 Al | AG68: =IF(OR(W68=AD68,AND(AD68=0,W68="X")),"OK","niet OK") | AH68: =IF(OR(X68=AD68,AND(AD68=0,X68="X")),"OK","niet OK") | AI68: =IF(OR(Y68=AD68,AND(AD68=0,Y68="X")),"OK","niet OK") | AJ68: =IF(OR(Z68=AD68,AND(AD68=0,Z68="X")),"OK","niet OK") | AK68: =IF(OR(AA68=AD68,AND(AD68=0,AA68="X")),"OK","niet OK") | AL68: =IF(OR(AB68=AD68,AND(AD68=0,AB68="X")),"OK","niet OK") | AM68: =IF(OR(AC68=AD68,AND(AD68=0,AC68="X")),"OK","niet OK")
C69: Type 10: Netbewust publiek laden | O69: 4*25mm2 Al | P69: 1.2 | Q69: 0.094 | R69: =SQRT(P69^2+Q69^2) | S69: =+P69*AD69/1000 | T69: =+AD69*Q69/1000 | V69: 100 | W69: =IF(W58<=V69+3,+AD69,"X") | X69: =IF(X58<=V69+3,+AD69,"X") | Y69: =IF(Y58<=V69+3,+AD69,"X") | Z69: =IF(Z58<=V69+3,+AD69,"X") | AA69: =IF(AA58<=V69+3,+AD69,"X") | AB69: =IF(AB58<=V69+3,+AD69,"X") | AC69: =IF(AC58<=V69+3,+AD69,"X") | AE69: 4*25mm2 Al | AG69: =IF(OR(W69=AD69,AND(AD69=0,W69="X")),"OK","niet OK") | AH69: =IF(OR(X69=AD69,AND(AD69=0,X69="X")),"OK","niet OK") | AI69: =IF(OR(Y69=AD69,AND(AD69=0,Y69="X")),"OK","niet OK") | AJ69: =IF(OR(Z69=AD69,AND(AD69=0,Z69="X")),"OK","niet OK") | AK69: =IF(OR(AA69=AD69,AND(AD69=0,AA69="X")),"OK","niet OK") | AL69: =IF(OR(AB69=AD69,AND(AD69=0,AB69="X")),"OK","niet OK") | AM69: =IF(OR(AC69=AD69,AND(AD69=0,AC69="X")),"OK","niet OK")
C70: Aansluiting 3x25A | F70: 4.8 | H70: =F70*B70 | J70: =F70*0.23*3*B70 | O70: 4*16mm2 Al | P70: 1.91 | Q70: 0.096 | R70: =SQRT(P70^2+Q70^2) | S70: =+P70*AD70/1000 | T70: =+AD70*Q70/1000 | V70: 78 | W70: =IF(W58<=V70+3,+AD70,"X") | X70: =IF(X58<=V70+3,+AD70,"X") | Y70: =IF(Y58<=V70+3,+AD70,"X") | Z70: =IF(Z58<=V70+3,+AD70,"X") | AA70: =IF(AA58<=V70+3,+AD70,"X") | AB70: =IF(AB58<=V70+3,+AD70,"X") | AC70: =IF(AC58<=V70+3,+AD70,"X") | AE70: 4*16mm2 Al | AG70: =IF(OR(W70=AD70,AND(AD70=0,W70="X")),"OK","niet OK") | AH70: =IF(OR(X70=AD70,AND(AD70=0,X70="X")),"OK","niet OK") | AI70: =IF(OR(Y70=AD70,AND(AD70=0,Y70="X")),"OK","niet OK") | AJ70: =IF(OR(Z70=AD70,AND(AD70=0,Z70="X")),"OK","niet OK") | AK70: =IF(OR(AA70=AD70,AND(AD70=0,AA70="X")),"OK","niet OK") | AL70: =IF(OR(AB70=AD70,AND(AD70=0,AB70="X")),"OK","niet OK") | AM70: =IF(OR(AC70=AD70,AND(AD70=0,AC70="X")),"OK","niet OK")
C72: Type 11: Straatmeubilair | O72: 4*185mm2 Cu | P72: 0.107 | Q72: 0.068 | R72: =SQRT(P72^2+Q72^2) | S72: =+P72*AD72/1000 | T72: =+AD72*Q72/1000 | V72: 393 | W72: =IF(W58<=V72+3,+AD72,"X") | X72: =IF(X58<=V72+3,+AD72,"X") | Y72: =IF(Y58<=V72+3,+AD72,"X") | Z72: =IF(Z58<=V72+3,+AD72,"X") | AA72: =IF(AA58<=V72+3,+AD72,"X") | AB72: =IF(AB58<=V72+3,+AD72,"X") | AC72: =IF(AC58<=V72+3,+AD72,"X") | AE72: 4*185mm2 Cu | AG72: =IF(OR(W72=AD72,AND(AD72=0,W72="X")),"OK","niet OK") | AH72: =IF(OR(X72=AD72,AND(AD72=0,X72="X")),"OK","niet OK") | AI72: =IF(OR(Y72=AD72,AND(AD72=0,Y72="X")),"OK","niet OK") | AJ72: =IF(OR(Z72=AD72,AND(AD72=0,Z72="X")),"OK","niet OK") | AK72: =IF(OR(AA72=AD72,AND(AD72=0,AA72="X")),"OK","niet OK") | AL72: =IF(OR(AB72=AD72,AND(AD72=0,AB72="X")),"OK","niet OK") | AM72: =IF(OR(AC72=AD72,AND(AD72=0,AC72="X")),"OK","niet OK")
C73: Aansluiting 3x25A | F73: 5.8 | H73: =F73*B73 | J73: =F73*0.23*3*B73 | O73: 4*150mm2 Cu | P73: 0.125 | Q73: 0.068 | R73: =SQRT(P73^2+Q73^2) | S73: =+P73*AD73/1000 | T73: =+AD73*Q73/1000 | V73: 348 | W73: =IF(W58<=V73+3,+AD73,"X") | X73: =IF(X58<=V73+3,+AD73,"X") | Y73: =IF(Y58<=V73+3,+AD73,"X") | Z73: =IF(Z58<=V73+3,+AD73,"X") | AA73: =IF(AA58<=V73+3,+AD73,"X") | AB73: =IF(AB58<=V73+3,+AD73,"X") | AC73: =IF(AC58<=V73+3,+AD73,"X") | AE73: 4*150mm2 Cu | AG73: =IF(OR(W73=AD73,AND(AD73=0,W73="X")),"OK","niet OK") | AH73: =IF(OR(X73=AD73,AND(AD73=0,X73="X")),"OK","niet OK") | AI73: =IF(OR(Y73=AD73,AND(AD73=0,Y73="X")),"OK","niet OK") | AJ73: =IF(OR(Z73=AD73,AND(AD73=0,Z73="X")),"OK","niet OK") | AK73: =IF(OR(AA73=AD73,AND(AD73=0,AA73="X")),"OK","niet OK") | AL73: =IF(OR(AB73=AD73,AND(AD73=0,AB73="X")),"OK","niet OK") | AM73: =IF(OR(AC73=AD73,AND(AD73=0,AC73="X")),"OK","niet OK")
C74: Aansluiting 3x40A t/m 3x50A | F74: 22 | H74: =F74*B74 | J74: =F74*0.23*3*B74 | O74: 4*120mm2 Cu | P74: 0.152 | Q74: 0.069 | R74: 0.16692813 | S74: =+P74*AD74/1000 | T74: =+AD74*Q74/1000 | V74: 307 | W74: =IF(W58<=V74+3,+AD74,"X") | X74: =IF(X58<=V74+3,+AD74,"X") | Y74: =IF(Y58<=V74+3,+AD74,"X") | Z74: =IF(Z58<=V74+3,+AD74,"X") | AA74: =IF(AA58<=V74+3,+AD74,"X") | AB74: =IF(AB58<=V74+3,+AD74,"X") | AC74: =IF(AC58<=V74+3,+AD74,"X") | AE74: 4*120mm2 Cu | AG74: =IF(OR(W74=AD74,AND(AD74=0,W74="X")),"OK","niet OK") | AH74: =IF(OR(X74=AD74,AND(AD74=0,X74="X")),"OK","niet OK") | AI74: =IF(OR(Y74=AD74,AND(AD74=0,Y74="X")),"OK","niet OK") | AJ74: =IF(OR(Z74=AD74,AND(AD74=0,Z74="X")),"OK","niet OK") | AK74: =IF(OR(AA74=AD74,AND(AD74=0,AA74="X")),"OK","niet OK") | AL74: =IF(OR(AB74=AD74,AND(AD74=0,AB74="X")),"OK","niet OK") | AM74: =IF(OR(AC74=AD74,AND(AD74=0,AC74="X")),"OK","niet OK")
C75: Aansluiting 3x63A t/m 3x80A | F75: 36 | H75: =F75*B75 | J75: =F75*0.23*3*B75 | O75: 4*95mm2 Cu | P75: 0.194 | Q75: 0.069 | R75: =SQRT(P75^2+Q75^2) | S75: =+P75*AD75/1000 | T75: =+AD75*Q75/1000 | V75: 272 | W75: =IF(W58<=V75+3,+AD75,"X") | X75: =IF(X58<=V75+3,+AD75,"X") | Y75: =IF(Y58<=V75+3,+AD75,"X") | Z75: =IF(Z58<=V75+3,+AD75,"X") | AA75: =IF(AA58<=V75+3,+AD75,"X") | AB75: =IF(AB58<=V75+3,+AD75,"X") | AC75: =IF(AC58<=V75+3,+AD75,"X") | AE75: 4*95mm2 Cu | AG75: =IF(OR(W75=AD75,AND(AD75=0,W75="X")),"OK","niet OK") | AH75: =IF(OR(X75=AD75,AND(AD75=0,X75="X")),"OK","niet OK") | AI75: =IF(OR(Y75=AD75,AND(AD75=0,Y75="X")),"OK","niet OK") | AJ75: =IF(OR(Z75=AD75,AND(AD75=0,Z75="X")),"OK","niet OK") | AK75: =IF(OR(AA75=AD75,AND(AD75=0,AA75="X")),"OK","niet OK") | AL75: =IF(OR(AB75=AD75,AND(AD75=0,AB75="X")),"OK","niet OK") | AM75: =IF(OR(AC75=AD75,AND(AD75=0,AC75="X")),"OK","niet OK")
O76: 4*70mm2 Cu | P76: 0.268 | Q76: 0.072 | R76: =SQRT(P76^2+Q76^2) | S76: =+P76*AD76/1000 | T76: =+AD76*Q76/1000 | V76: 227 | W76: =IF(W58<=V76+3,+AD76,"X") | X76: =IF(X58<=V76+3,+AD76,"X") | Y76: =IF(Y58<=V76+3,+AD76,"X") | Z76: =IF(Z58<=V76+3,+AD76,"X") | AA76: =IF(AA58<=V76+3,+AD76,"X") | AB76: =IF(AB58<=V76+3,+AD76,"X") | AC76: =IF(AC58<=V76+3,+AD76,"X") | AE76: 4*70mm2 Cu | AG76: =IF(OR(W76=AD76,AND(AD76=0,W76="X")),"OK","niet OK") | AH76: =IF(OR(X76=AD76,AND(AD76=0,X76="X")),"OK","niet OK") | AI76: =IF(OR(Y76=AD76,AND(AD76=0,Y76="X")),"OK","niet OK") | AJ76: =IF(OR(Z76=AD76,AND(AD76=0,Z76="X")),"OK","niet OK") | AK76: =IF(OR(AA76=AD76,AND(AD76=0,AA76="X")),"OK","niet OK") | AL76: =IF(OR(AB76=AD76,AND(AD76=0,AB76="X")),"OK","niet OK") | AM76: =IF(OR(AC76=AD76,AND(AD76=0,AC76="X")),"OK","niet OK")
C77: Totale ontwerpstroom op de kabel (A) | D77: =MAX(SUM(H5:H75),SUM(I5:I75)) | O77: 4*50mm2 Cu | P77: 0.387 | Q77: 0.085 | R77: =SQRT(P77^2+Q77^2) | S77: =+P77*AD77/1000 | T77: =+AD77*Q77/1000 | V77: 182 | W77: =IF(W58<=V77+3,+AD77,"X") | X77: =IF(X58<=V77+3,+AD77,"X") | Y77: =IF(Y58<=V77+3,+AD77,"X") | Z77: =IF(Z58<=V77+3,+AD77,"X") | AA77: =IF(AA58<=V77+3,+AD77,"X") | AB77: =IF(AB58<=V77+3,+AD77,"X") | AC77: =IF(AC58<=V77+3,+AD77,"X") | AE77: 4*50mm2 Cu | AG77: =IF(OR(W77=AD77,AND(AD77=0,W77="X")),"OK","niet OK") | AH77: =IF(OR(X77=AD77,AND(AD77=0,X77="X")),"OK","niet OK") | AI77: =IF(OR(Y77=AD77,AND(AD77=0,Y77="X")),"OK","niet OK") | AJ77: =IF(OR(Z77=AD77,AND(AD77=0,Z77="X")),"OK","niet OK") | AK77: =IF(OR(AA77=AD77,AND(AD77=0,AA77="X")),"OK","niet OK") | AL77: =IF(OR(AB77=AD77,AND(AD77=0,AB77="X")),"OK","niet OK") | AM77: =IF(OR(AC77=AD77,AND(AD77=0,AC77="X")),"OK","niet OK")
O78: 4*35mm2 Cu | P78: 0.524 | Q78: 0.1 | R78: =SQRT(P78^2+Q78^2) | S78: =+P78*AD78/1000 | T78: =+AD78*Q78/1000 | V78: 154 | W78: =IF(W58<=V78+3,+AD78,"X") | X78: =IF(X58<=V78+3,+AD78,"X") | Y78: =IF(Y58<=V78+3,+AD78,"X") | Z78: =IF(Z58<=V78+3,+AD78,"X") | AA78: =IF(AA58<=V78+3,+AD78,"X") | AB78: =IF(AB58<=V78+3,+AD78,"X") | AC78: =IF(AC58<=V78+3,+AD78,"X") | AE78: 4*35mm2 Cu | AG78: =IF(OR(W78=AD78,AND(AD78=0,W78="X")),"OK","niet OK") | AH78: =IF(OR(X78=AD78,AND(AD78=0,X78="X")),"OK","niet OK") | AI78: =IF(OR(Y78=AD78,AND(AD78=0,Y78="X")),"OK","niet OK") | AJ78: =IF(OR(Z78=AD78,AND(AD78=0,Z78="X")),"OK","niet OK") | AK78: =IF(OR(AA78=AD78,AND(AD78=0,AA78="X")),"OK","niet OK") | AL78: =IF(OR(AB78=AD78,AND(AD78=0,AB78="X")),"OK","niet OK") | AM78: =IF(OR(AC78=AD78,AND(AD78=0,AC78="X")),"OK","niet OK")
D79: Verdeel gekozen aansluitingen over meerdere kabels indien ontwerpstroom groter dan 225A is! | O79: 4*25mm2 Cu | P79: 0.727 | Q79: 0.094 | R79: =SQRT(P79^2+Q79^2) | S79: =+P79*AD79/1000 | T79: =+AD79*Q79/1000 | V79: 128 | W79: =IF(W58<=V79+3,+AD79,"X") | X79: =IF(X58<=V79+3,+AD79,"X") | Y79: =IF(Y58<=V79+3,+AD79,"X") | Z79: =IF(Z58<=V79+3,+AD79,"X") | AA79: =IF(AA58<=V79+3,+AD79,"X") | AB79: =IF(AB58<=V79+3,+AD79,"X") | AC79: =IF(AC58<=V79+3,+AD79,"X") | AE79: 4*25mm2 Cu | AG79: =IF(OR(W79=AD79,AND(AD79=0,W79="X")),"OK","niet OK") | AH79: =IF(OR(X79=AD79,AND(AD79=0,X79="X")),"OK","niet OK") | AI79: =IF(OR(Y79=AD79,AND(AD79=0,Y79="X")),"OK","niet OK") | AJ79: =IF(OR(Z79=AD79,AND(AD79=0,Z79="X")),"OK","niet OK") | AK79: =IF(OR(AA79=AD79,AND(AD79=0,AA79="X")),"OK","niet OK") | AL79: =IF(OR(AB79=AD79,AND(AD79=0,AB79="X")),"OK","niet OK") | AM79: =IF(OR(AC79=AD79,AND(AD79=0,AC79="X")),"OK","niet OK")
O80: 4*16mm2 Cu | P80: 1.15 | Q80: 0.097 | R80: =SQRT(P80^2+Q80^2) | S80: =+P80*AD80/1000 | T80: =+AD80*Q80/1000 | V80: 99 | W80: =IF(W58<=V80+3,+AD80,"X") | X80: =IF(X58<=V80+3,+AD80,"X") | Y80: =IF(Y58<=V80+3,+AD80,"X") | Z80: =IF(Z58<=V80+3,+AD80,"X") | AA80: =IF(AA58<=V80+3,+AD80,"X") | AB80: =IF(AB58<=V80+3,+AD80,"X") | AC80: =IF(AC58<=V80+3,+AD80,"X") | AE80: 4*16mm2 Cu | AG80: =IF(OR(W80=AD80,AND(AD80=0,W80="X")),"OK","niet OK") | AH80: =IF(OR(X80=AD80,AND(AD80=0,X80="X")),"OK","niet OK") | AI80: =IF(OR(Y80=AD80,AND(AD80=0,Y80="X")),"OK","niet OK") | AJ80: =IF(OR(Z80=AD80,AND(AD80=0,Z80="X")),"OK","niet OK") | AK80: =IF(OR(AA80=AD80,AND(AD80=0,AA80="X")),"OK","niet OK") | AL80: =IF(OR(AB80=AD80,AND(AD80=0,AB80="X")),"OK","niet OK") | AM80: =IF(OR(AC80=AD80,AND(AD80=0,AC80="X")),"OK","niet OK")
O82: totale samengestelde impedantie | S82: =SUM(S62:S81) | T82: =SUM(T62:T81) | U82: =SQRT(S82^2+T82^2) | W82: =IF(U82<=W60,"OK","niet OK") | X82: =IF(U82<=X60,"OK","niet OK") | Y82: =IF(U82<=Y60,"OK","niet OK") | Z82: =IF(U82<=Z60,"OK","niet OK") | AA82: =IF(U82<=AA60,"OK","niet OK") | AB82: =IF(U82<=AB60,"OK","niet OK") | AC82: =IF(U82<=AC60,"OK","niet OK") | AD82: t.a.v. totale impedantie passieve trafo en gG
W83: =IF(U82<=W61,"OK","niet OK") | X83: =IF(U82<=X61,"OK","niet OK") | Y83: =IF(U82<=Y61,"OK","niet OK") | Z83: =IF(U82<=Z61,"OK","niet OK") | AA83: =IF(U82<=AA61,"OK","niet OK") | AB83: =IF(U82<=AB61,"OK","niet OK") | AC83: =IF(U82<=AC61,"OK","niet OK") | AD83: t.a.v. totale impedantie regeltrafo en gFF
W84: =IF(AND(AG62="OK",AG63="OK",AG64="OK",AG65="OK",AG66="OK",AG67="OK",AG68="OK",AG69="OK",AG70="OK",AG72="OK",AG73="OK",AG75="OK",AG76="OK",AG77="OK",AG78="OK",AG79="OK",AG80="OK"),"OK","niet OK") | X84: =IF(AND(AH62="OK",AH63="OK",AH64="OK",AH65="OK",AH66="OK",AH67="OK",AH68="OK",AH69="OK",AH70="OK",AH72="OK",AH73="OK",AH75="OK",AH76="OK",AH77="OK",AH78="OK",AH79="OK",AH80="OK"),"OK","niet OK") | Y84: =IF(AND(AI62="OK",AI63="OK",AI64="OK",AI65="OK",AI66="OK",AI67="OK",AI68="OK",AI69="OK",AI70="OK",AI72="OK",AI73="OK",AI75="OK",AI76="OK",AI77="OK",AI78="OK",AI79="OK",AI80="OK"),"OK","niet OK") | Z84: =IF(AND(AJ62="OK",AJ63="OK",AJ64="OK",AJ65="OK",AJ66="OK",AJ67="OK",AJ68="OK",AJ69="OK",AJ70="OK",AJ72="OK",AJ73="OK",AJ75="OK",AJ76="OK",AJ77="OK",AJ78="OK",AJ79="OK",AJ80="OK"),"OK","niet OK") | AA84: =IF(AND(AK62="OK",AK63="OK",AK64="OK",AK65="OK",AK66="OK",AK67="OK",AK68="OK",AK69="OK",AK70="OK",AK72="OK",AK73="OK",AK75="OK",AK76="OK",AK77="OK",AK78="OK",AK79="OK",AK80="OK"),"OK","niet OK") | AB84: =IF(AND(AL62="OK",AL63="OK",AL64="OK",AL65="OK",AL66="OK",AL67="OK",AL68="OK",AL69="OK",AL70="OK",AL72="OK",AL73="OK",AL75="OK",AL76="OK",AL77="OK",AL78="OK",AL79="OK",AL80="OK"),"OK","niet OK") | AC84: =IF(AND(AM62="OK",AM63="OK",AM64="OK",AM65="OK",AM66="OK",AM67="OK",AM68="OK",AM69="OK",AM70="OK",AM72="OK",AM73="OK",AM75="OK",AM76="OK",AM77="OK",AM78="OK",AM79="OK",AM80="OK"),"OK","niet OK") | AD84: t.a.v. ontwerpstroom
W85: =IF(AND(W82="OK",W84="OK"),"JA","NEE") | X85: =IF(AND(X82="OK",X84="OK"),"JA","NEE") | Y85: =IF(AND(Y82="OK",Y84="OK"),"JA","NEE") | Z85: =IF(AND(Z82="OK",Z84="OK"),"JA","NEE") | AA85: =IF(AND(AA82="OK",AA84="OK"),"JA","NEE") | AB85: =IF(AND(AB82="OK",AB84="OK"),"JA","NEE") | AC85: =IF(AND(AC82="OK",AC84="OK"),"JA","NEE") | AD85: voldoet aan beide / toegestaan met passieve transformator en gG zekeringen?
W86: =IF(AND(W83="OK",W84="OK"),"JA","NEE") | X86: =IF(AND(X83="OK",X84="OK"),"JA","NEE") | Y86: =IF(AND(Y83="OK",Y84="OK"),"JA","NEE") | Z86: =IF(AND(Z83="OK",Z84="OK"),"JA","NEE") | AA86: =IF(AND(AA83="OK",AA84="OK"),"JA","NEE") | AB86: =IF(AND(AB83="OK",AB84="OK"),"JA","NEE") | AC86: =IF(AND(AC83="OK",AC84="OK"),"JA","NEE") | AD86: voldoet aan beide / toegestaan met regeltransformator en gFF zekeringen?

Sheet (5)
A1: Vul alleen de | C1: vlakken in. | F1: Ontwerpstroom kabel | O1: Verschillende doorsnedes in dezelfde kabelgroep! Let op: Alleen de gele velden zijn invoervelden ! | AD1: Invoervelden
B2: Aantal van eenheid | C2: Type wooneenheid | F2: Ontwerpstroom verbruik per eenheid | G2: Ontwerpstroom opwek per eenheid | H2: Totaal verbruik op kabelniveau in A | I2: Totaal opwek op kabelniveau in A | J2: Totaal verbruik op kabelniveau in kW | K2: Totaal opwek op kabelniveau in kW | M2: Opmerkingen | O2: Evenredig verdeelde belasting over de kabel (50%), gebaseerd op tabellen 6 en 8 uit kader Eea-0205.K
O3: Er moet wel sprake zijn van zogenaamde kabelverjonging, d.w.z. de zwaardere kabels aan het begin van de kabelgroep en de dunnere kabels op het eind van de kabelgroep.
